measurement_id,geometry_id,local_key,local0,local1,phi,theta,time,var_local0,var_local1,var_phi,var_theta,var_time
0,72057731476881409,,42.1580467,-54.3041992,0,0,0,0.000624999986,0.00999999978,0,0,0
1,72057731476881409,,43.8837471,24.4719334,0,0,0,0.000624999986,0.00999999978,0,0,0
2,72057868915834881,,84.6943817,-108.325928,0,0,0,0.000624999986,0.00999999978,0,0,0
3,72057868915834881,,87.5362473,49.2797737,0,0,0,0.000624999986,0.00999999978,0,0,0
4,72058006354788353,,127.599884,-162.039459,0,0,0,0.000624999986,0.00999999978,0,0,0
5,72058006354788353,,131.062103,74.3458099,0,0,0,0.000624999986,0.00999999978,0,0,0
6,72058143793741825,,174.326614,99.6785965,0,0,0,0.000624999986,0.00999999978,0,0,0
