measurement_id,geometry_id,local_key,local0,local1,phi,theta,time,var_local0,var_local1,var_phi,var_theta,var_time
0,72057731476881409,,60.0089874,159.218842,0,0,0,0.000624999986,0.00999999978,0,0,0
1,72057731476881409,,-30.0649471,-9.82387257,-0,-0,-0,0.000624999986,0.00999999978,0,0,0
2,72057868915834881,,-60.0748024,-19.8993301,-0,-0,-0,0.000624999986,0.00999999978,0,0,0
3,72058006354788353,,-90.0056534,-30.615757,-0,-0,-0,0.000624999986,0.00999999978,0,0,0
4,72058143793741825,,-119.844238,-41.1803741,-0,-0,-0,0.000624999986,0.00999999978,0,0,0
5,72058281232695297,,-149.563049,-52.1883621,-0,-0,-0,0.000624999986,0.00999999978,0,0,0
6,72058418671648769,,-179.207428,-63.1552124,-0,-0,-0,0.000624999986,0.00999999978,0,0,0
