measurement_id,geometry_id,local_key,local0,local1,phi,theta,time,var_local0,var_local1,var_phi,var_theta,var_time
0,72057731476881409,,-15.2927742,21.1376514,0,0,0,0.000624999986,0.00999999978,0,0,0
1,72057868915834881,,-30.617651,41.8958549,0,0,0,0.000624999986,0.00999999978,0,0,0
2,72058006354788353,,-45.9975128,62.6463661,0,0,0,0.000624999986,0.00999999978,0,0,0
3,72058143793741825,,-61.4588966,83.4394608,0,0,0,0.000624999986,0.00999999978,0,0,0
4,72058281232695297,,-76.9412231,104.210861,0,0,0,0.000624999986,0.00999999978,0,0,0
5,72058418671648769,,-92.5877228,125.136734,0,0,0,0.000624999986,0.00999999978,0,0,0
6,72058556110602241,,-108.230156,145.872925,0,0,0,0.000624999986,0.00999999978,0,0,0
7,72058693549555713,,-123.939201,166.477051,0,0,0,0.000624999986,0.00999999978,0,0,0
8,72058830988509185,,-139.736694,186.910797,0,0,0,0.000624999986,0.00999999978,0,0,0
