measurement_id,geometry_id,local_key,local0,local1,phi,theta,time,var_local0,var_local1,var_phi,var_theta,var_time
0,72057731476881409,,12.4018745,11.161211,0,0,0,0.000624999986,0.00999999978,0,0,0
1,72057868915834881,,24.7363892,21.9191055,0,0,0,0.000624999986,0.00999999978,0,0,0
2,72058006354788353,,36.9962158,33.214756,0,0,0,0.000624999986,0.00999999978,0,0,0
3,72058143793741825,,49.1803513,44.3679161,0,0,0,0.000624999986,0.00999999978,0,0,0
4,72058281232695297,,61.4503632,55.5519638,0,0,0,0.000624999986,0.00999999978,0,0,0
5,72058418671648769,,73.6399841,66.7525787,0,0,0,0.000624999986,0.00999999978,0,0,0
6,72058556110602241,,85.7382507,78.1071548,0,0,0,0.000624999986,0.00999999978,0,0,0
7,72058693549555713,,97.7712021,89.532074,0,0,0,0.000624999986,0.00999999978,0,0,0
8,72058830988509185,,109.887657,100.884705,0,0,0,0.000624999986,0.00999999978,0,0,0
