measurement_id,geometry_id,local_key,local0,local1,phi,theta,time,var_local0,var_local1,var_phi,var_theta,var_time
0,72057731476881409,,-3.62638664,-29.3389378,-0,-0,-0,0.000624999986,0.00999999978,0,0,0
1,72057868915834881,,-7.22765589,-58.5823135,-0,-0,-0,0.000624999986,0.00999999978,0,0,0
2,72058006354788353,,-10.6641283,-87.9184418,-0,-0,-0,0.000624999986,0.00999999978,0,0,0
3,72058143793741825,,-14.0203123,-117.569641,-0,-0,-0,0.000624999986,0.00999999978,0,0,0
4,72058281232695297,,-17.3626862,-146.981216,-0,-0,-0,0.000624999986,0.00999999978,0,0,0
5,72058418671648769,,-20.6691322,-176.184784,-0,-0,-0,0.000624999986,0.00999999978,0,0,0
