measurement_id,geometry_id,local_key,local0,local1,phi,theta,time,var_local0,var_local1,var_phi,var_theta,var_time
0,72057731476881409,,26.4463425,12.2042551,0,0,0,0.000624999986,0.00999999978,0,0,0
1,72057868915834881,,52.6763611,24.9518089,0,0,0,0.000624999986,0.00999999978,0,0,0
2,72058006354788353,,78.6083069,38.4119987,0,0,0,0.000624999986,0.00999999978,0,0,0
3,72058143793741825,,104.135986,52.3349152,0,0,0,0.000624999986,0.00999999978,0,0,0
4,72058281232695297,,129.417786,67.0262604,0,0,0,0.000624999986,0.00999999978,0,0,0
5,72058418671648769,,154.342346,82.1094208,0,0,0,0.000624999986,0.00999999978,0,0,0
6,72058556110602241,,178.937088,98.0245972,0,0,0,0.000624999986,0.00999999978,0,0,0
