measurement_id,geometry_id,local_key,local0,local1,phi,theta,time,var_local0,var_local1,var_phi,var_theta,var_time
0,72057731476881409,,-27.7516003,2.43694472,0,0,0,0.000624999986,0.00999999978,0,0,0
1,72057731476881409,,-8.53483772,75.9269638,0,0,0,0.000624999986,0.00999999978,0,0,0
2,72057868915834881,,-55.4835739,4.70961189,0,0,0,0.000624999986,0.00999999978,0,0,0
3,72057868915834881,,-17.8762264,151.883759,0,0,0,0.000624999986,0.00999999978,0,0,0
4,72058006354788353,,-83.2512817,6.83556175,0,0,0,0.000624999986,0.00999999978,0,0,0
5,72058143793741825,,-111.089088,9.13676071,0,0,0,0.000624999986,0.00999999978,0,0,0
6,72058281232695297,,-138.847244,11.2071524,0,0,0,0.000624999986,0.00999999978,0,0,0
7,72058418671648769,,-166.638107,13.0593052,0,0,0,0.000624999986,0.00999999978,0,0,0
8,72058556110602241,,-194.416489,14.6946497,0,0,0,0.000624999986,0.00999999978,0,0,0
