measurement_id,geometry_id,local_key,local0,local1,phi,theta,time,var_local0,var_local1,var_phi,var_theta,var_time
0,72057731476881409,,29.4202003,-9.87567139,0,0,0,0.000624999986,0.00999999978,0,0,0
1,72057868915834881,,58.8437386,-19.9422493,0,0,0,0.000624999986,0.00999999978,0,0,0
2,72058006354788353,,88.2969894,-29.3932991,0,0,0,0.000624999986,0.00999999978,0,0,0
3,72058143793741825,,117.869972,-39.1680832,0,0,0,0.000624999986,0.00999999978,0,0,0
4,72058281232695297,,147.414673,-48.7234726,0,0,0,0.000624999986,0.00999999978,0,0,0
5,72058418671648769,,177.005066,-58.1946526,0,0,0,0.000624999986,0.00999999978,0,0,0
