measurement_id,geometry_id,local_key,local0,local1,phi,theta,time,var_local0,var_local1,var_phi,var_theta,var_time
0,72057731476881409,,62.8832512,-20.5705719,0,0,0,0.000624999986,0.00999999978,0,0,0
1,72057731476881409,,26.979517,-156.814819,0,0,0,0.000624999986,0.00999999978,0,0,0
2,72057868915834881,,126.553169,-38.1017761,0,0,0,0.000624999986,0.00999999978,0,0,0
3,72058006354788353,,190.87291,-53.4428482,0,0,0,0.000624999986,0.00999999978,0,0,0
