measurement_id,geometry_id,local_key,local0,local1,phi,theta,time,var_local0,var_local1,var_phi,var_theta,var_time
0,72057731476881409,,74.8233032,-51.2432137,0,0,0,0.000624999986,0.00999999978,0,0,0
1,72057731476881409,,-77.2241287,37.7377968,0,0,0,0.000624999986,0.00999999978,0,0,0
2,72057731476881409,,22.0437107,-89.2973099,0,0,0,0.000624999986,0.00999999978,0,0,0
3,72057868915834881,,150.123718,-101.853577,0,0,0,0.000624999986,0.00999999978,0,0,0
4,72057868915834881,,-154.758591,74.4235611,0,0,0,0.000624999986,0.00999999978,0,0,0
5,72057868915834881,,44.733345,-178.556641,0,0,0,0.000624999986,0.00999999978,0,0,0
