measurement_id,geometry_id,local_key,local0,local1,phi,theta,time,var_local0,var_local1,var_phi,var_theta,var_time
0,72057731476881409,,8.05529404,72.8672562,0,0,0,0.000624999986,0.00999999978,0,0,0
1,72057868915834881,,15.7032995,146.01004,0,0,0,0.000624999986,0.00999999978,0,0,0
