measurement_id,geometry_id,local_key,local0,local1,phi,theta,time,var_local0,var_local1,var_phi,var_theta,var_time
0,72057731476881409,,-35.6103668,-17.1269684,-0,-0,-0,0.000624999986,0.00999999978,0,0,0
1,72057868915834881,,-71.0731201,-34.3413773,-0,-0,-0,0.000624999986,0.00999999978,0,0,0
2,72058006354788353,,-106.487137,-51.9549904,-0,-0,-0,0.000624999986,0.00999999978,0,0,0
3,72058143793741825,,-141.759674,-69.7624435,-0,-0,-0,0.000624999986,0.00999999978,0,0,0
4,72058281232695297,,-176.921234,-87.6643295,-0,-0,-0,0.000624999986,0.00999999978,0,0,0
