measurement_id,geometry_id,local_key,local0,local1,phi,theta,time,var_local0,var_local1,var_phi,var_theta,var_time
0,72057731476881409,,33.4496231,-17.6731396,0,0,0,0.000624999986,0.00999999978,0,0,0
1,72057731476881409,,-30.9744511,-60.9585457,-0,-0,-0,0.000624999986,0.00999999978,0,0,0
2,72057868915834881,,66.9394913,-35.4170074,0,0,0,0.000624999986,0.00999999978,0,0,0
3,72057868915834881,,-61.363945,-122.037407,-0,-0,-0,0.000624999986,0.00999999978,0,0,0
4,72058006354788353,,100.408257,-53.0240822,0,0,0,0.000624999986,0.00999999978,0,0,0
5,72058006354788353,,-91.1396103,-183.536453,-0,-0,-0,0.000624999986,0.00999999978,0,0,0
6,72058143793741825,,134.0327,-70.700531,0,0,0,0.000624999986,0.00999999978,0,0,0
7,72058281232695297,,167.699234,-87.7202301,0,0,0,0.000624999986,0.00999999978,0,0,0
