measurement_id,geometry_id,local_key,local0,local1,phi,theta,time,var_local0,var_local1,var_phi,var_theta,var_time
0,72057731476881409,,5.87532854,-17.801836,0,0,0,0.000624999986,0.00999999978,0,0,0
1,72057868915834881,,11.9339333,-35.6164551,0,0,0,0.000624999986,0.00999999978,0,0,0
2,72058006354788353,,17.9964828,-53.3722382,0,0,0,0.000624999986,0.00999999978,0,0,0
3,72058143793741825,,24.2508774,-71.181076,0,0,0,0.000624999986,0.00999999978,0,0,0
4,72058281232695297,,30.4879456,-88.5353699,0,0,0,0.000624999986,0.00999999978,0,0,0
5,72058418671648769,,36.9409523,-106.423744,0,0,0,0.000624999986,0.00999999978,0,0,0
6,72058556110602241,,43.3868408,-124.019028,0,0,0,0.000624999986,0.00999999978,0,0,0
7,72058693549555713,,50.04842,-141.587997,0,0,0,0.000624999986,0.00999999978,0,0,0
8,72058830988509185,,56.6875267,-159.061096,0,0,0,0.000624999986,0.00999999978,0,0,0
