measurement_id,geometry_id,local_key,local0,local1,phi,theta,time,var_local0,var_local1,var_phi,var_theta,var_time
0,72057731476881409,,-49.8842506,8.59539795,0,0,0,0.000624999986,0.00999999978,0,0,0
1,72057731476881409,,24.818203,-42.4225693,0,0,0,0.000624999986,0.00999999978,0,0,0
2,72057868915834881,,-99.7457809,17.0149956,0,0,0,0.000624999986,0.00999999978,0,0,0
3,72057868915834881,,49.8707848,-85.0192032,0,0,0,0.000624999986,0.00999999978,0,0,0
4,72058006354788353,,-149.684525,24.9518757,0,0,0,0.000624999986,0.00999999978,0,0,0
5,72058006354788353,,75.1763382,-127.116348,0,0,0,0.000624999986,0.00999999978,0,0,0
6,72058143793741825,,-199.702347,32.8041153,0,0,0,0.000624999986,0.00999999978,0,0,0
7,72058143793741825,,100.701149,-169.033279,0,0,0,0.000624999986,0.00999999978,0,0,0
