measurement_id,geometry_id,local_key,local0,local1,phi,theta,time,var_local0,var_local1,var_phi,var_theta,var_time
0,72057731476881409,,148.936462,45.7057991,0,0,0,0.000624999986,0.00999999978,0,0,0
1,72057731476881409,,66.8681717,122.165878,0,0,0,0.000624999986,0.00999999978,0,0,0
