measurement_id,geometry_id,local_key,local0,local1,phi,theta,time,var_local0,var_local1,var_phi,var_theta,var_time
0,72057731476881409,,-83.3343735,71.0075531,0,0,0,0.000624999986,0.00999999978,0,0,0
1,72057731476881409,,-9.65911102,136.046432,0,0,0,0.000624999986,0.00999999978,0,0,0
2,72057731476881409,,2.53068781,70.742981,0,0,0,0.000624999986,0.00999999978,0,0,0
3,72057731476881409,,51.8651657,126.420143,0,0,0,0.000624999986,0.00999999978,0,0,0
4,72057868915834881,,-167.32457,141.49472,0,0,0,0.000624999986,0.00999999978,0,0,0
5,72057868915834881,,4.13843536,141.344894,0,0,0,0.000624999986,0.00999999978,0,0,0
