measurement_id,geometry_id,local_key,local0,local1,phi,theta,time,var_local0,var_local1,var_phi,var_theta,var_time
0,72057731476881409,,-20.0343151,3.53016019,0,0,0,0.000624999986,0.00999999978,0,0,0
1,72057868915834881,,-40.0326424,6.75630999,0,0,0,0.000624999986,0.00999999978,0,0,0
2,72058006354788353,,-60.0510597,9.97445583,0,0,0,0.000624999986,0.00999999978,0,0,0
3,72058143793741825,,-80.0669556,13.1492777,0,0,0,0.000624999986,0.00999999978,0,0,0
4,72058281232695297,,-100.113647,16.3412781,0,0,0,0.000624999986,0.00999999978,0,0,0
5,72058418671648769,,-120.200813,19.7984924,0,0,0,0.000624999986,0.00999999978,0,0,0
6,72058556110602241,,-140.245041,22.8517342,0,0,0,0.000624999986,0.00999999978,0,0,0
7,72058693549555713,,-160.288559,25.7746067,0,0,0,0.000624999986,0.00999999978,0,0,0
8,72058830988509185,,-180.350006,28.8251362,0,0,0,0.000624999986,0.00999999978,0,0,0
