measurement_id,geometry_id,local_key,local0,local1,phi,theta,time,var_local0,var_local1,var_phi,var_theta,var_time
0,72057731476881409,,-58.5154572,-6.85562515,-0,-0,-0,0.000624999986,0.00999999978,0,0,0
1,72057731476881409,,-199.042984,92.0729446,0,0,0,0.000624999986,0.00999999978,0,0,0
2,72057731476881409,,-46.0162125,17.9193554,0,0,0,0.000624999986,0.00999999978,0,0,0
3,72057868915834881,,-116.959068,-14.3749876,-0,-0,-0,0.000624999986,0.00999999978,0,0,0
4,72057868915834881,,-92.149765,35.8433609,0,0,0,0.000624999986,0.00999999978,0,0,0
5,72058006354788353,,-175.345139,-22.2944679,-0,-0,-0,0.000624999986,0.00999999978,0,0,0
6,72058006354788353,,-138.291397,53.2260361,0,0,0,0.000624999986,0.00999999978,0,0,0
7,72058143793741825,,-184.528183,70.9128418,0,0,0,0.000624999986,0.00999999978,0,0,0
