measurement_id,geometry_id,local_key,local0,local1,phi,theta,time,var_local0,var_local1,var_phi,var_theta,var_time
0,72057731476881409,,-70.298645,-41.0541382,-0,-0,-0,0.000624999986,0.00999999978,0,0,0
1,72057731476881409,,-8.80137062,74.5641708,0,0,0,0.000624999986,0.00999999978,0,0,0
2,72057731476881409,,56.168354,-48.2280083,0,0,0,0.000624999986,0.00999999978,0,0,0
3,72057868915834881,,-140.381836,-82.7711258,-0,-0,-0,0.000624999986,0.00999999978,0,0,0
4,72057868915834881,,-18.1894436,149.011154,0,0,0,0.000624999986,0.00999999978,0,0,0
5,72057868915834881,,112.58976,-95.9528885,0,0,0,0.000624999986,0.00999999978,0,0,0
6,72058006354788353,,169.26004,-143.645569,0,0,0,0.000624999986,0.00999999978,0,0,0
