measurement_id,geometry_id,local_key,local0,local1,phi,theta,time,var_local0,var_local1,var_phi,var_theta,var_time
0,72057731476881409,,11.2210541,-29.0742359,0,0,0,0.000624999986,0.00999999978,0,0,0
1,72057868915834881,,22.5863857,-58.2557907,0,0,0,0.000624999986,0.00999999978,0,0,0
2,72058006354788353,,34.0175171,-87.2178497,0,0,0,0.000624999986,0.00999999978,0,0,0
3,72058143793741825,,45.5997353,-116.414925,0,0,0,0.000624999986,0.00999999978,0,0,0
4,72058281232695297,,57.1242294,-145.276398,0,0,0,0.000624999986,0.00999999978,0,0,0
5,72058418671648769,,68.8695679,-174.297226,0,0,0,0.000624999986,0.00999999978,0,0,0
