measurement_id,geometry_id,local_key,local0,local1,phi,theta,time,var_local0,var_local1,var_phi,var_theta,var_time
0,72057731476881409,,3.02366877,120.826813,0,0,0,0.000624999986,0.00999999978,0,0,0
1,72057731476881409,,28.8833218,-18.5751457,0,0,0,0.000624999986,0.00999999978,0,0,0
2,72057731476881409,,-77.3920441,12.3284645,0,0,0,0.000624999986,0.00999999978,0,0,0
3,72057868915834881,,57.8055649,-36.8163567,0,0,0,0.000624999986,0.00999999978,0,0,0
4,72057868915834881,,-154.915878,24.0415497,0,0,0,0.000624999986,0.00999999978,0,0,0
5,72058006354788353,,86.8288879,-55.130455,0,0,0,0.000624999986,0.00999999978,0,0,0
6,72058143793741825,,115.938385,-73.2707443,0,0,0,0.000624999986,0.00999999978,0,0,0
7,72058281232695297,,145.066086,-91.3890839,0,0,0,0.000624999986,0.00999999978,0,0,0
8,72058418671648769,,174.328354,-109.083397,0,0,0,0.000624999986,0.00999999978,0,0,0
