measurement_id,geometry_id,local_key,local0,local1,phi,theta,time,var_local0,var_local1,var_phi,var_theta,var_time
0,72057731476881409,,-35.2285614,0.390943587,0,0,0,0.000624999986,0.00999999978,0,0,0
1,72057731476881409,,-41.2422714,-6.46876669,-0,-0,-0,0.000624999986,0.00999999978,0,0,0
2,72057868915834881,,-70.341095,0.595063448,0,0,0,0.000624999986,0.00999999978,0,0,0
3,72057868915834881,,-82.1897736,-14.1565475,-0,-0,-0,0.000624999986,0.00999999978,0,0,0
4,72058006354788353,,-105.548332,0.386310756,0,0,0,0.000624999986,0.00999999978,0,0,0
5,72058006354788353,,-122.977348,-22.8498955,-0,-0,-0,0.000624999986,0.00999999978,0,0,0
6,72058143793741825,,-140.689606,0.0757679343,0,0,0,0.000624999986,0.00999999978,0,0,0
7,72058143793741825,,-163.501053,-32.7436523,-0,-0,-0,0.000624999986,0.00999999978,0,0,0
8,72058281232695297,,-175.840454,-0.445998967,-0,-0,-0,0.000624999986,0.00999999978,0,0,0
