measurement_id,geometry_id,local_key,local0,local1,phi,theta,time,var_local0,var_local1,var_phi,var_theta,var_time
0,72057731476881409,,-96.2446747,-4.26309538,-0,-0,-0,0.000624999986,0.00999999978,0,0,0
1,72057731476881409,,-41.8699722,-153.509857,-0,-0,-0,0.000624999986,0.00999999978,0,0,0
2,72057731476881409,,-185.519028,-55.685585,-0,-0,-0,0.000624999986,0.00999999978,0,0,0
3,72057731476881409,,27.5048008,-48.4079514,0,0,0,0.000624999986,0.00999999978,0,0,0
4,72057868915834881,,-192.440689,-9.67198467,-0,-0,-0,0.000624999986,0.00999999978,0,0,0
5,72057868915834881,,55.2458763,-96.5499191,0,0,0,0.000624999986,0.00999999978,0,0,0
6,72058006354788353,,83.133316,-144.933029,0,0,0,0.000624999986,0.00999999978,0,0,0
7,72058143793741825,,111.16272,-193.283432,0,0,0,0.000624999986,0.00999999978,0,0,0
