measurement_id,geometry_id,local_key,local0,local1,phi,theta,time,var_local0,var_local1,var_phi,var_theta,var_time
0,72057731476881409,,-35.8846054,-21.5842342,-0,-0,-0,0.000624999986,0.00999999978,0,0,0
1,72057731476881409,,45.2945976,-120.622993,0,0,0,0.000624999986,0.00999999978,0,0,0
2,72057731476881409,,-31.4597588,74.8665848,0,0,0,0.000624999986,0.00999999978,0,0,0
3,72057868915834881,,-71.1141281,-44.2042999,-0,-0,-0,0.000624999986,0.00999999978,0,0,0
4,72057868915834881,,-63.4582977,149.674011,0,0,0,0.000624999986,0.00999999978,0,0,0
5,72058006354788353,,-105.633568,-68.1558609,-0,-0,-0,0.000624999986,0.00999999978,0,0,0
6,72058143793741825,,-139.458298,-92.9422379,-0,-0,-0,0.000624999986,0.00999999978,0,0,0
7,72058281232695297,,-172.467392,-118.512062,-0,-0,-0,0.000624999986,0.00999999978,0,0,0
