measurement_id,geometry_id,local_key,local0,local1,phi,theta,time,var_local0,var_local1,var_phi,var_theta,var_time
0,72057731476881409,,34.6083374,-61.9123802,0,0,0,0.000624999986,0.00999999978,0,0,0
1,72057731476881409,,0.498081565,-67.3067474,0,0,0,0.000624999986,0.00999999978,0,0,0
2,72057868915834881,,69.5714645,-123.649277,0,0,0,0.000624999986,0.00999999978,0,0,0
3,72057868915834881,,3.80868077,-134.725464,0,0,0,0.000624999986,0.00999999978,0,0,0
4,72058006354788353,,104.903107,-185.255875,0,0,0,0.000624999986,0.00999999978,0,0,0
