measurement_id,geometry_id,local_key,local0,local1,phi,theta,time,var_local0,var_local1,var_phi,var_theta,var_time
0,72057731476881409,,80.7004776,-51.5024185,0,0,0,0.000624999986,0.00999999978,0,0,0
1,72057731476881409,,28.8031254,73.5505219,0,0,0,0.000624999986,0.00999999978,0,0,0
2,72057731476881409,,22.5399723,35.2209549,0,0,0,0.000624999986,0.00999999978,0,0,0
3,72057868915834881,,161.964523,-102.128899,0,0,0,0.000624999986,0.00999999978,0,0,0
4,72057868915834881,,56.6585121,147.579224,0,0,0,0.000624999986,0.00999999978,0,0,0
5,72057868915834881,,44.8025856,70.8660812,0,0,0,0.000624999986,0.00999999978,0,0,0
6,72058006354788353,,66.8027725,106.486984,0,0,0,0.000624999986,0.00999999978,0,0,0
7,72058143793741825,,88.537529,142.23877,0,0,0,0.000624999986,0.00999999978,0,0,0
8,72058281232695297,,109.974503,178.363861,0,0,0,0.000624999986,0.00999999978,0,0,0
