measurement_id,geometry_id,local_key,local0,local1,phi,theta,time,var_local0,var_local1,var_phi,var_theta,var_time
0,72057731476881409,,32.5599213,92.1299973,0,0,0,0.000624999986,0.00999999978,0,0,0
1,72057731476881409,,33.0544739,-90.9360657,0,0,0,0.000624999986,0.00999999978,0,0,0
2,72057868915834881,,64.2050247,184.164841,0,0,0,0.000624999986,0.00999999978,0,0,0
3,72057868915834881,,67.0228348,-181.479172,0,0,0,0.000624999986,0.00999999978,0,0,0
