measurement_id,geometry_id,local_key,local0,local1,phi,theta,time,var_local0,var_local1,var_phi,var_theta,var_time
0,72057731476881409,,-17.7510147,17.7632446,0,0,0,0.000624999986,0.00999999978,0,0,0
1,72057868915834881,,-35.5730705,35.6069603,0,0,0,0.000624999986,0.00999999978,0,0,0
2,72058006354788353,,-53.4543343,53.1639366,0,0,0,0.000624999986,0.00999999978,0,0,0
3,72058143793741825,,-71.4796448,70.644783,0,0,0,0.000624999986,0.00999999978,0,0,0
4,72058281232695297,,-89.5662994,88.030426,0,0,0,0.000624999986,0.00999999978,0,0,0
5,72058418671648769,,-107.675003,105.376122,0,0,0,0.000624999986,0.00999999978,0,0,0
6,72058556110602241,,-125.956474,122.644455,0,0,0,0.000624999986,0.00999999978,0,0,0
7,72058693549555713,,-144.323395,139.912445,0,0,0,0.000624999986,0.00999999978,0,0,0
8,72058830988509185,,-162.721558,156.804001,0,0,0,0.000624999986,0.00999999978,0,0,0
