measurement_id,geometry_id,local_key,local0,local1,phi,theta,time,var_local0,var_local1,var_phi,var_theta,var_time
0,72057731476881409,,26.8744736,-64.8336182,0,0,0,0.000624999986,0.00999999978,0,0,0
1,72057731476881409,,-96.9528656,15.6432981,0,0,0,0.000624999986,0.00999999978,0,0,0
2,72057868915834881,,54.1643333,-129.418549,0,0,0,0.000624999986,0.00999999978,0,0,0
3,72057868915834881,,-194.024475,30.6512394,0,0,0,0.000624999986,0.00999999978,0,0,0
4,72058006354788353,,81.754303,-194.135696,0,0,0,0.000624999986,0.00999999978,0,0,0
