measurement_id,geometry_id,local_key,local0,local1,phi,theta,time,var_local0,var_local1,var_phi,var_theta,var_time
0,72057731476881409,,-97.4621811,19.6505146,0,0,0,0.000624999986,0.00999999978,0,0,0
1,72057731476881409,,-67.2804184,-2.76223683,-0,-0,-0,0.000624999986,0.00999999978,0,0,0
2,72057868915834881,,-195.193008,38.0605545,0,0,0,0.000624999986,0.00999999978,0,0,0
3,72057868915834881,,-134.497925,-5.61578274,-0,-0,-0,0.000624999986,0.00999999978,0,0,0
