measurement_id,geometry_id,local_key,local0,local1,phi,theta,time,var_local0,var_local1,var_phi,var_theta,var_time
0,72057731476881409,,-43.0914917,8.25669861,0,0,0,0.000624999986,0.00999999978,0,0,0
1,72057731476881409,,159.071991,22.9189072,0,0,0,0.000624999986,0.00999999978,0,0,0
2,72057868915834881,,-86.2956161,16.5474205,0,0,0,0.000624999986,0.00999999978,0,0,0
3,72058006354788353,,-129.48558,24.4268284,0,0,0,0.000624999986,0.00999999978,0,0,0
4,72058143793741825,,-172.86673,31.6481457,0,0,0,0.000624999986,0.00999999978,0,0,0
