measurement_id,geometry_id,local_key,local0,local1,phi,theta,time,var_local0,var_local1,var_phi,var_theta,var_time
0,72057731476881409,,-14.7582502,-49.2877617,-0,-0,-0,0.000624999986,0.00999999978,0,0,0
1,72057868915834881,,-29.1346531,-98.5241852,-0,-0,-0,0.000624999986,0.00999999978,0,0,0
2,72058006354788353,,-43.1050873,-147.852432,-0,-0,-0,0.000624999986,0.00999999978,0,0,0
3,72058143793741825,,-56.8498497,-197.564789,-0,-0,-0,0.000624999986,0.00999999978,0,0,0
