measurement_id,geometry_id,local_key,local0,local1,phi,theta,time,var_local0,var_local1,var_phi,var_theta,var_time
0,72057731476881409,,10.0238571,66.1311417,0,0,0,0.000624999986,0.00999999978,0,0,0
1,72057731476881409,,-73.2040405,-87.0874557,-0,-0,-0,0.000624999986,0.00999999978,0,0,0
2,72057868915834881,,19.6802502,132.119705,0,0,0,0.000624999986,0.00999999978,0,0,0
3,72057868915834881,,-144.939926,-175.266647,-0,-0,-0,0.000624999986,0.00999999978,0,0,0
4,72058006354788353,,28.8920517,198.439224,0,0,0,0.000624999986,0.00999999978,0,0,0
