measurement_id,geometry_id,local_key,local0,local1,phi,theta,time,var_local0,var_local1,var_phi,var_theta,var_time
0,72057731476881409,,-51.2570953,-15.7729521,-0,-0,-0,0.000624999986,0.00999999978,0,0,0
1,72057731476881409,,54.1221199,38.4261055,0,0,0,0.000624999986,0.00999999978,0,0,0
2,72057868915834881,,-102.469872,-31.8021927,-0,-0,-0,0.000624999986,0.00999999978,0,0,0
3,72057868915834881,,107.945236,77.5319901,0,0,0,0.000624999986,0.00999999978,0,0,0
4,72058006354788353,,-153.592911,-48.2215347,-0,-0,-0,0.000624999986,0.00999999978,0,0,0
5,72058006354788353,,161.415848,116.919296,0,0,0,0.000624999986,0.00999999978,0,0,0
