measurement_id,geometry_id,local_key,local0,local1,phi,theta,time,var_local0,var_local1,var_phi,var_theta,var_time
0,72057731476881409,,47.5787964,2.15489507,0,0,0,0.000624999986,0.00999999978,0,0,0
1,72057731476881409,,-54.8887749,3.43211913,0,0,0,0.000624999986,0.00999999978,0,0,0
2,72057868915834881,,95.1671906,4.59106827,0,0,0,0.000624999986,0.00999999978,0,0,0
3,72057868915834881,,-109.691948,6.61772203,0,0,0,0.000624999986,0.00999999978,0,0,0
4,72058006354788353,,142.669205,7.10265827,0,0,0,0.000624999986,0.00999999978,0,0,0
5,72058006354788353,,-164.676819,9.6987381,0,0,0,0.000624999986,0.00999999978,0,0,0
6,72058143793741825,,190.201279,10.0901232,0,0,0,0.000624999986,0.00999999978,0,0,0
