measurement_id,geometry_id,local_key,local0,local1,phi,theta,time,var_local0,var_local1,var_phi,var_theta,var_time
0,72057731476881409,,30.7413139,35.7547035,0,0,0,0.000624999986,0.00999999978,0,0,0
1,72057731476881409,,-146.383057,100.755531,0,0,0,0.000624999986,0.00999999978,0,0,0
2,72057868915834881,,61.2600746,71.698288,0,0,0,0.000624999986,0.00999999978,0,0,0
3,72058006354788353,,91.6668777,107.568558,0,0,0,0.000624999986,0.00999999978,0,0,0
4,72058143793741825,,121.821022,143.960968,0,0,0,0.000624999986,0.00999999978,0,0,0
5,72058281232695297,,151.933304,180.314865,0,0,0,0.000624999986,0.00999999978,0,0,0
