measurement_id,geometry_id,local_key,local0,local1,phi,theta,time,var_local0,var_local1,var_phi,var_theta,var_time
0,72057731476881409,,-51.8975639,-7.16060448,-0,-0,-0,0.000624999986,0.00999999978,0,0,0
1,72057868915834881,,-103.750923,-14.225419,-0,-0,-0,0.000624999986,0.00999999978,0,0,0
2,72058006354788353,,-155.63089,-21.6335888,-0,-0,-0,0.000624999986,0.00999999978,0,0,0
