measurement_id,geometry_id,local_key,local0,local1,phi,theta,time,var_local0,var_local1,var_phi,var_theta,var_time
0,72057731476881409,,17.414608,44.2747459,0,0,0,0.000624999986,0.00999999978,0,0,0
1,72057731476881409,,98.2975388,-157.235428,0,0,0,0.000624999986,0.00999999978,0,0,0
2,72057731476881409,,-62.2498207,-15.885251,-0,-0,-0,0.000624999986,0.00999999978,0,0,0
3,72057868915834881,,34.5983582,89.0148468,0,0,0,0.000624999986,0.00999999978,0,0,0
4,72057868915834881,,-123.870842,-33.864315,-0,-0,-0,0.000624999986,0.00999999978,0,0,0
5,72058006354788353,,51.5730782,133.540527,0,0,0,0.000624999986,0.00999999978,0,0,0
6,72058006354788353,,-184.832733,-54.3995972,-0,-0,-0,0.000624999986,0.00999999978,0,0,0
7,72058143793741825,,68.2758484,178.28923,0,0,0,0.000624999986,0.00999999978,0,0,0
