measurement_id,geometry_id,local_key,local0,local1,phi,theta,time,var_local0,var_local1,var_phi,var_theta,var_time
0,72057731476881409,,-15.9571066,-169.375458,-0,-0,-0,0.000624999986,0.00999999978,0,0,0
1,72057731476881409,,-49.7247543,35.7031097,0,0,0,0.000624999986,0.00999999978,0,0,0
2,72057868915834881,,-99.8896408,70.5971527,0,0,0,0.000624999986,0.00999999978,0,0,0
3,72058006354788353,,-150.613342,104.8255,0,0,0,0.000624999986,0.00999999978,0,0,0
