measurement_id,geometry_id,local_key,local0,local1,phi,theta,time,var_local0,var_local1,var_phi,var_theta,var_time
0,72057731476881409,,-1.89142597,47.312336,0,0,0,0.000624999986,0.00999999978,0,0,0
1,72057731476881409,,120.605995,0.76415801,0,0,0,0.000624999986,0.00999999978,0,0,0
2,72057868915834881,,-4.05785418,94.609024,0,0,0,0.000624999986,0.00999999978,0,0,0
3,72058006354788353,,-6.27026701,141.899506,0,0,0,0.000624999986,0.00999999978,0,0,0
4,72058143793741825,,-8.76322842,189.331497,0,0,0,0.000624999986,0.00999999978,0,0,0
