measurement_id,geometry_id,local_key,local0,local1,phi,theta,time,var_local0,var_local1,var_phi,var_theta,var_time
0,72057731476881409,,24.9057465,-76.0909805,0,0,0,0.000624999986,0.00999999978,0,0,0
1,72057731476881409,,-87.282074,53.330307,0,0,0,0.000624999986,0.00999999978,0,0,0
2,72057868915834881,,51.5004463,-151.747955,0,0,0,0.000624999986,0.00999999978,0,0,0
3,72057868915834881,,-175.034256,105.626923,0,0,0,0.000624999986,0.00999999978,0,0,0
