measurement_id,geometry_id,local_key,local0,local1,phi,theta,time,var_local0,var_local1,var_phi,var_theta,var_time
0,72057731476881409,,13.9452076,-12.9013824,0,0,0,0.000624999986,0.00999999978,0,0,0
1,72057868915834881,,27.9605045,-25.8916435,0,0,0,0.000624999986,0.00999999978,0,0,0
2,72058006354788353,,42.0370941,-38.8196831,0,0,0,0.000624999986,0.00999999978,0,0,0
3,72058143793741825,,56.1699867,-51.7675285,0,0,0,0.000624999986,0.00999999978,0,0,0
4,72058281232695297,,70.2051239,-64.4541626,0,0,0,0.000624999986,0.00999999978,0,0,0
5,72058418671648769,,84.333786,-77.130455,0,0,0,0.000624999986,0.00999999978,0,0,0
6,72058556110602241,,98.478035,-90.0184174,0,0,0,0.000624999986,0.00999999978,0,0,0
7,72058693549555713,,112.615517,-102.716393,0,0,0,0.000624999986,0.00999999978,0,0,0
8,72058830988509185,,126.888092,-115.551193,0,0,0,0.000624999986,0.00999999978,0,0,0
