measurement_id,geometry_id,local_key,local0,local1,phi,theta,time,var_local0,var_local1,var_phi,var_theta,var_time
0,72057731476881409,,20.9121742,34.1328049,0,0,0,0.000624999986,0.00999999978,0,0,0
1,72057868915834881,,41.5423241,68.4285889,0,0,0,0.000624999986,0.00999999978,0,0,0
2,72058006354788353,,62.031189,103.016922,0,0,0,0.000624999986,0.00999999978,0,0,0
3,72058143793741825,,82.2657242,137.740311,0,0,0,0.000624999986,0.00999999978,0,0,0
4,72058281232695297,,102.278328,172.547089,0,0,0,0.000624999986,0.00999999978,0,0,0
