measurement_id,geometry_id,local_key,local0,local1,phi,theta,time,var_local0,var_local1,var_phi,var_theta,var_time
0,72057731476881409,,3.47237206,18.9868374,0,0,0,0.000624999986,0.00999999978,0,0,0
1,72057868915834881,,6.73122787,38.2879372,0,0,0,0.000624999986,0.00999999978,0,0,0
2,72058006354788353,,9.76089954,57.257637,0,0,0,0.000624999986,0.00999999978,0,0,0
3,72058143793741825,,12.6304893,76.2152557,0,0,0,0.000624999986,0.00999999978,0,0,0
4,72058281232695297,,15.2323322,95.4193268,0,0,0,0.000624999986,0.00999999978,0,0,0
5,72058418671648769,,17.5772934,114.742432,0,0,0,0.000624999986,0.00999999978,0,0,0
6,72058556110602241,,19.7626572,134.012009,0,0,0,0.000624999986,0.00999999978,0,0,0
7,72058693549555713,,21.7532425,153.22789,0,0,0,0.000624999986,0.00999999978,0,0,0
8,72058830988509185,,23.4366627,172.59082,0,0,0,0.000624999986,0.00999999978,0,0,0
