measurement_id,geometry_id,local_key,local0,local1,phi,theta,time,var_local0,var_local1,var_phi,var_theta,var_time
0,72057731476881409,,37.0991669,49.7778625,0,0,0,0.000624999986,0.00999999978,0,0,0
1,72057868915834881,,73.8915863,99.7200241,0,0,0,0.000624999986,0.00999999978,0,0,0
2,72058006354788353,,110.298172,149.898834,0,0,0,0.000624999986,0.00999999978,0,0,0
