measurement_id,geometry_id,local_key,local0,local1,phi,theta,time,var_local0,var_local1,var_phi,var_theta,var_time
0,72057731476881409,,-73.8451157,131.988037,0,0,0,0.000624999986,0.00999999978,0,0,0
1,72057731476881409,,25.1394081,1.03452265,0,0,0,0.000624999986,0.00999999978,0,0,0
2,72057868915834881,,50.2928886,2.32018614,0,0,0,0.000624999986,0.00999999978,0,0,0
3,72058006354788353,,75.426712,3.52722406,0,0,0,0.000624999986,0.00999999978,0,0,0
4,72058143793741825,,100.574852,4.87046671,0,0,0,0.000624999986,0.00999999978,0,0,0
5,72058281232695297,,125.684647,6.47061682,0,0,0,0.000624999986,0.00999999978,0,0,0
6,72058418671648769,,150.807281,7.52981091,0,0,0,0.000624999986,0.00999999978,0,0,0
7,72058556110602241,,175.986313,8.97100258,0,0,0,0.000624999986,0.00999999978,0,0,0
