measurement_id,geometry_id,local_key,local0,local1,phi,theta,time,var_local0,var_local1,var_phi,var_theta,var_time
0,72057731476881409,,-80.8515167,-47.3628044,-0,-0,-0,0.000624999986,0.00999999978,0,0,0
1,72057731476881409,,188.857544,-13.3457918,0,0,0,0.000624999986,0.00999999978,0,0,0
2,72057868915834881,,-161.040039,-95.5757065,-0,-0,-0,0.000624999986,0.00999999978,0,0,0
