measurement_id,geometry_id,local_key,local0,local1,phi,theta,time,var_local0,var_local1,var_phi,var_theta,var_time
0,72057731476881409,,-12.7164574,22.3808098,0,0,0,0.000624999986,0.00999999978,0,0,0
1,72057868915834881,,-25.818222,44.5683556,0,0,0,0.000624999986,0.00999999978,0,0,0
2,72058006354788353,,-39.0334778,66.6034698,0,0,0,0.000624999986,0.00999999978,0,0,0
3,72058143793741825,,-52.536335,88.5457916,0,0,0,0.000624999986,0.00999999978,0,0,0
4,72058281232695297,,-66.2383652,109.819916,0,0,0,0.000624999986,0.00999999978,0,0,0
5,72058418671648769,,-80.193985,131.590912,0,0,0,0.000624999986,0.00999999978,0,0,0
6,72058556110602241,,-94.3790436,153.074142,0,0,0,0.000624999986,0.00999999978,0,0,0
7,72058693549555713,,-108.836975,174.406601,0,0,0,0.000624999986,0.00999999978,0,0,0
