measurement_id,geometry_id,local_key,local0,local1,phi,theta,time,var_local0,var_local1,var_phi,var_theta,var_time
0,72057731476881409,,-24.7161922,-2.60860729,-0,-0,-0,0.000624999986,0.00999999978,0,0,0
1,72057868915834881,,-49.4059792,-5.28368139,-0,-0,-0,0.000624999986,0.00999999978,0,0,0
2,72058006354788353,,-74.1609497,-7.92687654,-0,-0,-0,0.000624999986,0.00999999978,0,0,0
3,72058143793741825,,-98.8354034,-10.7146921,-0,-0,-0,0.000624999986,0.00999999978,0,0,0
4,72058281232695297,,-123.507889,-13.4814596,-0,-0,-0,0.000624999986,0.00999999978,0,0,0
5,72058418671648769,,-148.194946,-16.2947292,-0,-0,-0,0.000624999986,0.00999999978,0,0,0
6,72058556110602241,,-172.88208,-19.4025307,-0,-0,-0,0.000624999986,0.00999999978,0,0,0
7,72058693549555713,,-197.504669,-22.4158688,-0,-0,-0,0.000624999986,0.00999999978,0,0,0
