measurement_id,geometry_id,local_key,local0,local1,phi,theta,time,var_local0,var_local1,var_phi,var_theta,var_time
0,72057731476881409,,61.7605858,-6.19487715,0,0,0,0.000624999986,0.00999999978,0,0,0
1,72057868915834881,,123.60704,-11.8806772,0,0,0,0.000624999986,0.00999999978,0,0,0
2,72058006354788353,,185.420898,-17.1272011,0,0,0,0.000624999986,0.00999999978,0,0,0
