measurement_id,geometry_id,local_key,local0,local1,phi,theta,time,var_local0,var_local1,var_phi,var_theta,var_time
0,72057731476881409,,6.84833765,-59.0831337,0,0,0,0.000624999986,0.00999999978,0,0,0
1,72057731476881409,,46.3789864,42.8807526,0,0,0,0.000624999986,0.00999999978,0,0,0
2,72057731476881409,,-100.45668,-6.96185541,-0,-0,-0,0.000624999986,0.00999999978,0,0,0
3,72057868915834881,,13.9808969,-117.97496,0,0,0,0.000624999986,0.00999999978,0,0,0
4,72057868915834881,,92.462738,85.589592,0,0,0,0.000624999986,0.00999999978,0,0,0
5,72058006354788353,,21.384037,-176.936371,0,0,0,0.000624999986,0.00999999978,0,0,0
6,72058006354788353,,138.389008,129.133667,0,0,0,0.000624999986,0.00999999978,0,0,0
7,72058143793741825,,184.011765,172.762909,0,0,0,0.000624999986,0.00999999978,0,0,0
