measurement_id,geometry_id,local_key,local0,local1,phi,theta,time,var_local0,var_local1,var_phi,var_theta,var_time
0,72057731476881409,,-89.6375351,-28.1661243,-0,-0,-0,0.000624999986,0.00999999978,0,0,0
1,72057731476881409,,34.7275124,64.3546371,0,0,0,0.000624999986,0.00999999978,0,0,0
2,72057868915834881,,-178.970749,-57.0268173,-0,-0,-0,0.000624999986,0.00999999978,0,0,0
3,72057868915834881,,67.7587128,129.777557,0,0,0,0.000624999986,0.00999999978,0,0,0
4,72058006354788353,,99.2835541,196.022171,0,0,0,0.000624999986,0.00999999978,0,0,0
