measurement_id,geometry_id,local_key,local0,local1,phi,theta,time,var_local0,var_local1,var_phi,var_theta,var_time
0,72057731476881409,,130.183609,-132.938431,0,0,0,0.000624999986,0.00999999978,0,0,0
1,72057731476881409,,-36.3637772,62.6521111,0,0,0,0.000624999986,0.00999999978,0,0,0
2,72057868915834881,,-73.2955856,125.404633,0,0,0,0.000624999986,0.00999999978,0,0,0
3,72058006354788353,,-110.802017,187.515808,0,0,0,0.000624999986,0.00999999978,0,0,0
