measurement_id,geometry_id,local_key,local0,local1,phi,theta,time,var_local0,var_local1,var_phi,var_theta,var_time
0,72057731476881409,,-26.1858673,4.3978529,0,0,0,0.000624999986,0.00999999978,0,0,0
1,72057868915834881,,-52.3670807,8.72707748,0,0,0,0.000624999986,0.00999999978,0,0,0
2,72058006354788353,,-78.5321426,13.2689247,0,0,0,0.000624999986,0.00999999978,0,0,0
3,72058143793741825,,-104.794983,17.096262,0,0,0,0.000624999986,0.00999999978,0,0,0
4,72058281232695297,,-131.010422,21.0312672,0,0,0,0.000624999986,0.00999999978,0,0,0
5,72058418671648769,,-157.298233,25.059885,0,0,0,0.000624999986,0.00999999978,0,0,0
6,72058556110602241,,-183.63562,28.3637028,0,0,0,0.000624999986,0.00999999978,0,0,0
