measurement_id,geometry_id,local_key,local0,local1,phi,theta,time,var_local0,var_local1,var_phi,var_theta,var_time
0,72057731476881409,,-24.7158833,-10.7997446,-0,-0,-0,0.000624999986,0.00999999978,0,0,0
1,72057868915834881,,-49.4356346,-21.4412041,-0,-0,-0,0.000624999986,0.00999999978,0,0,0
2,72058006354788353,,-74.1153488,-32.1415443,-0,-0,-0,0.000624999986,0.00999999978,0,0,0
3,72058143793741825,,-98.7732697,-43.0094109,-0,-0,-0,0.000624999986,0.00999999978,0,0,0
4,72058281232695297,,-123.340866,-53.8337746,-0,-0,-0,0.000624999986,0.00999999978,0,0,0
5,72058418671648769,,-147.940399,-64.8053513,-0,-0,-0,0.000624999986,0.00999999978,0,0,0
6,72058556110602241,,-172.540222,-75.7508469,-0,-0,-0,0.000624999986,0.00999999978,0,0,0
7,72058693549555713,,-197.094131,-87.0050507,-0,-0,-0,0.000624999986,0.00999999978,0,0,0
