measurement_id,geometry_id,local_key,local0,local1,phi,theta,time,var_local0,var_local1,var_phi,var_theta,var_time
0,72057731476881409,,9.35480404,-53.1776161,0,0,0,0.000624999986,0.00999999978,0,0,0
1,72057731476881409,,-20.5841961,-56.9343491,-0,-0,-0,0.000624999986,0.00999999978,0,0,0
2,72057868915834881,,18.952076,-106.640099,0,0,0,0.000624999986,0.00999999978,0,0,0
3,72057868915834881,,-41.0037079,-113.922302,-0,-0,-0,0.000624999986,0.00999999978,0,0,0
4,72058006354788353,,28.7789268,-159.77002,0,0,0,0.000624999986,0.00999999978,0,0,0
5,72058006354788353,,-61.0896759,-170.847168,-0,-0,-0,0.000624999986,0.00999999978,0,0,0
