measurement_id,geometry_id,local_key,local0,local1,phi,theta,time,var_local0,var_local1,var_phi,var_theta,var_time
0,72057731476881409,,138.22113,-80.694397,0,0,0,0.000624999986,0.00999999978,0,0,0
1,72057731476881409,,-49.4470825,-1.81319225,-0,-0,-0,0.000624999986,0.00999999978,0,0,0
2,72057868915834881,,-98.838089,-4.12626028,-0,-0,-0,0.000624999986,0.00999999978,0,0,0
3,72058006354788353,,-148.270004,-6.98408222,-0,-0,-0,0.000624999986,0.00999999978,0,0,0
4,72058143793741825,,-197.650024,-10.1866398,-0,-0,-0,0.000624999986,0.00999999978,0,0,0
