measurement_id,geometry_id,local_key,local0,local1,phi,theta,time,var_local0,var_local1,var_phi,var_theta,var_time
0,72057731476881409,,137.262054,-68.1048889,0,0,0,0.000624999986,0.00999999978,0,0,0
1,72057731476881409,,30.9196491,22.2846699,0,0,0,0.000624999986,0.00999999978,0,0,0
2,72057868915834881,,61.5495758,44.9263382,0,0,0,0.000624999986,0.00999999978,0,0,0
3,72058006354788353,,91.9750214,67.9951859,0,0,0,0.000624999986,0.00999999978,0,0,0
4,72058143793741825,,122.079529,91.3718491,0,0,0,0.000624999986,0.00999999978,0,0,0
5,72058281232695297,,152.009796,115.230301,0,0,0,0.000624999986,0.00999999978,0,0,0
6,72058418671648769,,181.667953,138.908051,0,0,0,0.000624999986,0.00999999978,0,0,0
