measurement_id,geometry_id,local_key,local0,local1,phi,theta,time,var_local0,var_local1,var_phi,var_theta,var_time
0,72057731476881409,,-42.5196114,-2.24456906,-0,-0,-0,0.000624999986,0.00999999978,0,0,0
1,72057868915834881,,-85.1156693,-4.78044176,-0,-0,-0,0.000624999986,0.00999999978,0,0,0
2,72058006354788353,,-127.635796,-7.14206696,-0,-0,-0,0.000624999986,0.00999999978,0,0,0
3,72058143793741825,,-170.194351,-10.0636301,-0,-0,-0,0.000624999986,0.00999999978,0,0,0
