measurement_id,geometry_id,local_key,local0,local1,phi,theta,time,var_local0,var_local1,var_phi,var_theta,var_time
0,72057731476881409,,13.9394827,35.9525795,0,0,0,0.000624999986,0.00999999978,0,0,0
1,72057731476881409,,49.0321045,24.9345913,0,0,0,0.000624999986,0.00999999978,0,0,0
2,72057868915834881,,27.7239952,72.3316116,0,0,0,0.000624999986,0.00999999978,0,0,0
3,72057868915834881,,97.7963486,50.0780792,0,0,0,0.000624999986,0.00999999978,0,0,0
4,72058006354788353,,41.3012199,108.16729,0,0,0,0.000624999986,0.00999999978,0,0,0
5,72058006354788353,,146.366653,75.8749542,0,0,0,0.000624999986,0.00999999978,0,0,0
6,72058143793741825,,54.8451767,144.403168,0,0,0,0.000624999986,0.00999999978,0,0,0
7,72058143793741825,,194.764282,101.773712,0,0,0,0.000624999986,0.00999999978,0,0,0
8,72058281232695297,,68.2157211,180.681763,0,0,0,0.000624999986,0.00999999978,0,0,0
