measurement_id,geometry_id,local_key,local0,local1,phi,theta,time,var_local0,var_local1,var_phi,var_theta,var_time
0,72057731476881409,,125.24852,146.315369,0,0,0,0.000624999986,0.00999999978,0,0,0
1,72057731476881409,,94.7691345,-25.3038254,0,0,0,0.000624999986,0.00999999978,0,0,0
2,72057731476881409,,46.3781738,39.0822639,0,0,0,0.000624999986,0.00999999978,0,0,0
3,72057868915834881,,190.091507,-48.826767,0,0,0,0.000624999986,0.00999999978,0,0,0
4,72057868915834881,,92.6082306,77.947998,0,0,0,0.000624999986,0.00999999978,0,0,0
5,72058006354788353,,138.540268,117.693382,0,0,0,0.000624999986,0.00999999978,0,0,0
6,72058143793741825,,184.300598,157.35141,0,0,0,0.000624999986,0.00999999978,0,0,0
