measurement_id,geometry_id,local_key,local0,local1,phi,theta,time,var_local0,var_local1,var_phi,var_theta,var_time
0,72057731476881409,,-92.6849289,-67.0580978,-0,-0,-0,0.000624999986,0.00999999978,0,0,0
1,72057731476881409,,15.0853176,45.4605255,0,0,0,0.000624999986,0.00999999978,0,0,0
2,72057868915834881,,-184.757095,-134.532837,-0,-0,-0,0.000624999986,0.00999999978,0,0,0
3,72057868915834881,,28.7628574,91.4779892,0,0,0,0.000624999986,0.00999999978,0,0,0
4,72058006354788353,,40.8892097,137.659668,0,0,0,0.000624999986,0.00999999978,0,0,0
5,72058143793741825,,51.6236076,184.431198,0,0,0,0.000624999986,0.00999999978,0,0,0
