measurement_id,geometry_id,local_key,local0,local1,phi,theta,time,var_local0,var_local1,var_phi,var_theta,var_time
0,72057731476881409,,-53.4665833,58.4094696,0,0,0,0.000624999986,0.00999999978,0,0,0
1,72057731476881409,,47.9640312,79.0228043,0,0,0,0.000624999986,0.00999999978,0,0,0
2,72057731476881409,,-88.5854568,-56.561058,-0,-0,-0,0.000624999986,0.00999999978,0,0,0
3,72057868915834881,,-107.52549,116.010902,0,0,0,0.000624999986,0.00999999978,0,0,0
4,72057868915834881,,95.3895035,158.254349,0,0,0,0.000624999986,0.00999999978,0,0,0
5,72057868915834881,,-176.642136,-113.501053,-0,-0,-0,0.000624999986,0.00999999978,0,0,0
6,72058006354788353,,-162.164917,173.481903,0,0,0,0.000624999986,0.00999999978,0,0,0
