measurement_id,geometry_id,local_key,local0,local1,phi,theta,time,var_local0,var_local1,var_phi,var_theta,var_time
0,72057731476881409,,40.1398659,-23.5467281,0,0,0,0.000624999986,0.00999999978,0,0,0
1,72057731476881409,,39.8094826,50.8884583,0,0,0,0.000624999986,0.00999999978,0,0,0
2,72057868915834881,,80.9203491,-46.1109161,0,0,0,0.000624999986,0.00999999978,0,0,0
3,72057868915834881,,79.1531067,102.123314,0,0,0,0.000624999986,0.00999999978,0,0,0
4,72058006354788353,,122.128876,-67.6832352,0,0,0,0.000624999986,0.00999999978,0,0,0
5,72058006354788353,,118.183823,153.512955,0,0,0,0.000624999986,0.00999999978,0,0,0
6,72058143793741825,,164.044815,-88.1964951,0,0,0,0.000624999986,0.00999999978,0,0,0
