measurement_id,geometry_id,local_key,local0,local1,phi,theta,time,var_local0,var_local1,var_phi,var_theta,var_time
0,72057731476881409,,-65.5179749,-30.6067867,-0,-0,-0,0.000624999986,0.00999999978,0,0,0
1,72057731476881409,,-49.9321404,16.5873241,0,0,0,0.000624999986,0.00999999978,0,0,0
2,72057731476881409,,102.567612,137.053818,0,0,0,0.000624999986,0.00999999978,0,0,0
3,72057868915834881,,-130.784515,-61.4062004,-0,-0,-0,0.000624999986,0.00999999978,0,0,0
4,72057868915834881,,-99.9671021,32.9212685,0,0,0,0.000624999986,0.00999999978,0,0,0
5,72058006354788353,,-195.805313,-92.9017563,-0,-0,-0,0.000624999986,0.00999999978,0,0,0
6,72058006354788353,,-150.056137,49.2483253,0,0,0,0.000624999986,0.00999999978,0,0,0
