measurement_id,geometry_id,local_key,local0,local1,phi,theta,time,var_local0,var_local1,var_phi,var_theta,var_time
0,72057731476881409,,76.7052078,-11.7777052,0,0,0,0.000624999986,0.00999999978,0,0,0
1,72057731476881409,,-126.077919,-97.9931335,-0,-0,-0,0.000624999986,0.00999999978,0,0,0
2,72057868915834881,,153.584198,-22.0143719,0,0,0,0.000624999986,0.00999999978,0,0,0
