measurement_id,geometry_id,local_key,local0,local1,phi,theta,time,var_local0,var_local1,var_phi,var_theta,var_time
0,72057731476881409,,-5.44766474,194.71814,0,0,0,0.000624999986,0.00999999978,0,0,0
1,72057731476881409,,-17.1647015,56.819088,0,0,0,0.000624999986,0.00999999978,0,0,0
2,72057731476881409,,-54.8783569,-32.8704796,-0,-0,-0,0.000624999986,0.00999999978,0,0,0
3,72057868915834881,,-34.5468864,113.64505,0,0,0,0.000624999986,0.00999999978,0,0,0
4,72057868915834881,,-109.401733,-66.137764,-0,-0,-0,0.000624999986,0.00999999978,0,0,0
5,72058006354788353,,-52.175663,170.446091,0,0,0,0.000624999986,0.00999999978,0,0,0
6,72058006354788353,,-163.683334,-99.8131714,-0,-0,-0,0.000624999986,0.00999999978,0,0,0
