measurement_id,geometry_id,local_key,local0,local1,phi,theta,time,var_local0,var_local1,var_phi,var_theta,var_time
0,72057731476881409,,-85.3078842,23.0483551,0,0,0,0.000624999986,0.00999999978,0,0,0
1,72057731476881409,,-192.273758,168.617035,0,0,0,0.000624999986,0.00999999978,0,0,0
2,72057731476881409,,125.442848,-160.829575,0,0,0,0.000624999986,0.00999999978,0,0,0
3,72057731476881409,,58.8216515,-54.1657562,0,0,0,0.000624999986,0.00999999978,0,0,0
4,72057868915834881,,-170.701538,45.3862,0,0,0,0.000624999986,0.00999999978,0,0,0
5,72057868915834881,,118.341866,-107.460182,0,0,0,0.000624999986,0.00999999978,0,0,0
6,72058006354788353,,178.484009,-159.835892,0,0,0,0.000624999986,0.00999999978,0,0,0
