measurement_id,geometry_id,local_key,local0,local1,phi,theta,time,var_local0,var_local1,var_phi,var_theta,var_time
0,72057731476881409,,-27.9721069,30.8498325,0,0,0,0.000624999986,0.00999999978,0,0,0
1,72057731476881409,,88.9210205,85.8546371,0,0,0,0.000624999986,0.00999999978,0,0,0
2,72057868915834881,,-56.0522041,62.0256004,0,0,0,0.000624999986,0.00999999978,0,0,0
3,72057868915834881,,176.968948,172.513168,0,0,0,0.000624999986,0.00999999978,0,0,0
4,72058006354788353,,-84.3442154,92.7195892,0,0,0,0.000624999986,0.00999999978,0,0,0
5,72058143793741825,,-112.698486,123.467102,0,0,0,0.000624999986,0.00999999978,0,0,0
6,72058281232695297,,-141.218216,153.744781,0,0,0,0.000624999986,0.00999999978,0,0,0
7,72058418671648769,,-169.82373,184.039398,0,0,0,0.000624999986,0.00999999978,0,0,0
