measurement_id,geometry_id,local_key,local0,local1,phi,theta,time,var_local0,var_local1,var_phi,var_theta,var_time
0,72057731476881409,,-39.8967094,15.61164,0,0,0,0.000624999986,0.00999999978,0,0,0
1,72057868915834881,,-79.871521,31.2502403,0,0,0,0.000624999986,0.00999999978,0,0,0
2,72058006354788353,,-119.886719,46.8497238,0,0,0,0.000624999986,0.00999999978,0,0,0
3,72058143793741825,,-159.935928,62.2361298,0,0,0,0.000624999986,0.00999999978,0,0,0
