measurement_id,geometry_id,local_key,local0,local1,phi,theta,time,var_local0,var_local1,var_phi,var_theta,var_time
0,72057731476881409,,94.1661377,-152.629028,0,0,0,0.000624999986,0.00999999978,0,0,0
1,72057731476881409,,25.0173416,72.5773773,0,0,0,0.000624999986,0.00999999978,0,0,0
2,72057731476881409,,-108.366486,147.334824,0,0,0,0.000624999986,0.00999999978,0,0,0
3,72057868915834881,,49.3267212,145.287628,0,0,0,0.000624999986,0.00999999978,0,0,0
