measurement_id,geometry_id,local_key,local0,local1,phi,theta,time,var_local0,var_local1,var_phi,var_theta,var_time
0,72057731476881409,,2.95874834,25.6056557,0,0,0,0.000624999986,0.00999999978,0,0,0
1,72057731476881409,,-88.2575378,-12.0417805,-0,-0,-0,0.000624999986,0.00999999978,0,0,0
2,72057868915834881,,5.79876614,51.4910049,0,0,0,0.000624999986,0.00999999978,0,0,0
3,72057868915834881,,-176.378143,-25.6169777,-0,-0,-0,0.000624999986,0.00999999978,0,0,0
4,72058006354788353,,8.3483057,77.2023468,0,0,0,0.000624999986,0.00999999978,0,0,0
5,72058143793741825,,10.9000587,102.974625,0,0,0,0.000624999986,0.00999999978,0,0,0
6,72058281232695297,,13.1819696,128.836685,0,0,0,0.000624999986,0.00999999978,0,0,0
7,72058418671648769,,15.324995,154.524719,0,0,0,0.000624999986,0.00999999978,0,0,0
8,72058556110602241,,17.3169575,180.501083,0,0,0,0.000624999986,0.00999999978,0,0,0
