measurement_id,geometry_id,local_key,local0,local1,phi,theta,time,var_local0,var_local1,var_phi,var_theta,var_time
0,72057731476881409,,-180.982956,-48.6500587,-0,-0,-0,0.000624999986,0.00999999978,0,0,0
1,72057731476881409,,81.6190414,-31.8978405,0,0,0,0.000624999986,0.00999999978,0,0,0
2,72057731476881409,,100.910004,-187.838318,0,0,0,0.000624999986,0.00999999978,0,0,0
3,72057731476881409,,-112.643478,48.765358,0,0,0,0.000624999986,0.00999999978,0,0,0
4,72057731476881409,,165.177475,160.050339,0,0,0,0.000624999986,0.00999999978,0,0,0
5,72057868915834881,,164.105103,-61.2559319,0,0,0,0.000624999986,0.00999999978,0,0,0
