measurement_id,geometry_id,local_key,local0,local1,phi,theta,time,var_local0,var_local1,var_phi,var_theta,var_time
0,72057731476881409,,-51.8172379,-48.3033943,-0,-0,-0,0.000624999986,0.00999999978,0,0,0
1,72057731476881409,,-15.371562,43.9791565,0,0,0,0.000624999986,0.00999999978,0,0,0
2,72057868915834881,,-103.177063,-96.6542892,-0,-0,-0,0.000624999986,0.00999999978,0,0,0
3,72057868915834881,,-30.9207001,87.9868851,0,0,0,0.000624999986,0.00999999978,0,0,0
4,72058006354788353,,-154.022797,-145.714203,-0,-0,-0,0.000624999986,0.00999999978,0,0,0
5,72058006354788353,,-46.8514366,131.976578,0,0,0,0.000624999986,0.00999999978,0,0,0
6,72058143793741825,,-62.9865379,175.883987,0,0,0,0.000624999986,0.00999999978,0,0,0
