measurement_id,geometry_id,local_key,local0,local1,phi,theta,time,var_local0,var_local1,var_phi,var_theta,var_time
0,72057731476881409,,80.9912186,-168.323486,0,0,0,0.000624999986,0.00999999978,0,0,0
1,72057731476881409,,14.5014772,-47.3516197,0,0,0,0.000624999986,0.00999999978,0,0,0
2,72057731476881409,,32.543045,62.9457397,0,0,0,0.000624999986,0.00999999978,0,0,0
3,72057868915834881,,29.3043118,-94.4874573,0,0,0,0.000624999986,0.00999999978,0,0,0
4,72057868915834881,,64.6983643,126.020821,0,0,0,0.000624999986,0.00999999978,0,0,0
5,72058006354788353,,44.1988029,-141.775955,0,0,0,0.000624999986,0.00999999978,0,0,0
6,72058006354788353,,96.5507736,189.092575,0,0,0,0.000624999986,0.00999999978,0,0,0
7,72058143793741825,,59.2785721,-188.763763,0,0,0,0.000624999986,0.00999999978,0,0,0
