measurement_id,geometry_id,local_key,local0,local1,phi,theta,time,var_local0,var_local1,var_phi,var_theta,var_time
0,72057731476881409,,8.19932175,-60.6784096,0,0,0,0.000624999986,0.00999999978,0,0,0
1,72057868915834881,,17.49687,-120.956909,0,0,0,0.000624999986,0.00999999978,0,0,0
2,72058006354788353,,28.0365887,-181.130402,0,0,0,0.000624999986,0.00999999978,0,0,0
