measurement_id,geometry_id,local_key,local0,local1,phi,theta,time,var_local0,var_local1,var_phi,var_theta,var_time
0,72057731476881409,,40.9070396,0.740490198,0,0,0,0.000624999986,0.00999999978,0,0,0
1,72057868915834881,,81.8272018,2.03639817,0,0,0,0.000624999986,0.00999999978,0,0,0
2,72058006354788353,,122.689781,3.94836807,0,0,0,0.000624999986,0.00999999978,0,0,0
3,72058143793741825,,163.603653,6.09409904,0,0,0,0.000624999986,0.00999999978,0,0,0
