measurement_id,geometry_id,local_key,local0,local1,phi,theta,time,var_local0,var_local1,var_phi,var_theta,var_time
0,72057731476881409,,85.2134399,-49.6383476,0,0,0,0.000624999986,0.00999999978,0,0,0
1,72057731476881409,,47.5642052,-39.5317917,0,0,0,0.000624999986,0.00999999978,0,0,0
2,72057868915834881,,171.504028,-96.9405212,0,0,0,0.000624999986,0.00999999978,0,0,0
3,72057868915834881,,95.3610153,-78.6420517,0,0,0,0.000624999986,0.00999999978,0,0,0
4,72058006354788353,,143.41597,-117.654907,0,0,0,0.000624999986,0.00999999978,0,0,0
5,72058143793741825,,191.632355,-156.486603,0,0,0,0.000624999986,0.00999999978,0,0,0
