measurement_id,geometry_id,local_key,local0,local1,phi,theta,time,var_local0,var_local1,var_phi,var_theta,var_time
0,72057731476881409,,38.572403,-21.5098801,0,0,0,0.000624999986,0.00999999978,0,0,0
1,72057868915834881,,77.2301025,-42.1550446,0,0,0,0.000624999986,0.00999999978,0,0,0
2,72058006354788353,,115.993256,-63.2045288,0,0,0,0.000624999986,0.00999999978,0,0,0
3,72058143793741825,,154.98819,-83.5447083,0,0,0,0.000624999986,0.00999999978,0,0,0
4,72058281232695297,,194.031738,-104.079308,0,0,0,0.000624999986,0.00999999978,0,0,0
