measurement_id,geometry_id,local_key,local0,local1,phi,theta,time,var_local0,var_local1,var_phi,var_theta,var_time
0,72057731476881409,,58.5225754,17.1030502,0,0,0,0.000624999986,0.00999999978,0,0,0
1,72057868915834881,,117.079201,34.466053,0,0,0,0.000624999986,0.00999999978,0,0,0
2,72058006354788353,,175.453583,52.6118355,0,0,0,0.000624999986,0.00999999978,0,0,0
