measurement_id,geometry_id,local_key,local0,local1,phi,theta,time,var_local0,var_local1,var_phi,var_theta,var_time
0,72057731476881409,,118.665146,-64.3882904,0,0,0,0.000624999986,0.00999999978,0,0,0
1,72057731476881409,,-54.2502327,37.2377396,0,0,0,0.000624999986,0.00999999978,0,0,0
2,72057868915834881,,-108.586273,74.0618744,0,0,0,0.000624999986,0.00999999978,0,0,0
3,72058006354788353,,-163.288925,110.766029,0,0,0,0.000624999986,0.00999999978,0,0,0
