measurement_id,geometry_id,local_key,local0,local1,phi,theta,time,var_local0,var_local1,var_phi,var_theta,var_time
0,72057731476881409,,-59.4461517,-31.4365215,-0,-0,-0,0.000624999986,0.00999999978,0,0,0
1,72057731476881409,,73.5547638,-49.7603073,0,0,0,0.000624999986,0.00999999978,0,0,0
2,72057731476881409,,-48.0775299,38.224987,0,0,0,0.000624999986,0.00999999978,0,0,0
3,72057868915834881,,-118.637764,-63.4174194,-0,-0,-0,0.000624999986,0.00999999978,0,0,0
4,72057868915834881,,147.967361,-98.1921768,0,0,0,0.000624999986,0.00999999978,0,0,0
5,72057868915834881,,-96.457222,76.1571503,0,0,0,0.000624999986,0.00999999978,0,0,0
6,72058006354788353,,-177.662659,-96.0515823,-0,-0,-0,0.000624999986,0.00999999978,0,0,0
7,72058006354788353,,-144.937119,113.676811,0,0,0,0.000624999986,0.00999999978,0,0,0
8,72058143793741825,,-193.73259,150.977539,0,0,0,0.000624999986,0.00999999978,0,0,0
