measurement_id,geometry_id,local_key,local0,local1,phi,theta,time,var_local0,var_local1,var_phi,var_theta,var_time
0,72057731476881409,,-20.8280392,32.5597038,0,0,0,0.000624999986,0.00999999978,0,0,0
1,72057731476881409,,-38.0592995,-118.862335,-0,-0,-0,0.000624999986,0.00999999978,0,0,0
2,72057731476881409,,189.407608,134.536255,0,0,0,0.000624999986,0.00999999978,0,0,0
3,72057731476881409,,-107.371826,-13.6002445,-0,-0,-0,0.000624999986,0.00999999978,0,0,0
4,72057868915834881,,-41.9112053,65.4596481,0,0,0,0.000624999986,0.00999999978,0,0,0
5,72058006354788353,,-63.2043495,98.0340958,0,0,0,0.000624999986,0.00999999978,0,0,0
6,72058143793741825,,-84.6304169,130.480377,0,0,0,0.000624999986,0.00999999978,0,0,0
7,72058281232695297,,-106.284752,162.83902,0,0,0,0.000624999986,0.00999999978,0,0,0
8,72058418671648769,,-128.110855,194.95253,0,0,0,0.000624999986,0.00999999978,0,0,0
