measurement_id,geometry_id,local_key,local0,local1,phi,theta,time,var_local0,var_local1,var_phi,var_theta,var_time
0,72057731476881409,,-60.9464722,20.0130424,0,0,0,0.000624999986,0.00999999978,0,0,0
1,72057731476881409,,107.190918,-47.1462708,0,0,0,0.000624999986,0.00999999978,0,0,0
2,72057731476881409,,-17.0719223,-42.7952652,-0,-0,-0,0.000624999986,0.00999999978,0,0,0
3,72057868915834881,,-121.891228,39.8502884,0,0,0,0.000624999986,0.00999999978,0,0,0
4,72057868915834881,,-34.0035553,-85.8470612,-0,-0,-0,0.000624999986,0.00999999978,0,0,0
5,72058006354788353,,-183.006454,59.2859039,0,0,0,0.000624999986,0.00999999978,0,0,0
6,72058006354788353,,-50.7810364,-128.905945,-0,-0,-0,0.000624999986,0.00999999978,0,0,0
7,72058143793741825,,-67.2772598,-171.888779,-0,-0,-0,0.000624999986,0.00999999978,0,0,0
