measurement_id,geometry_id,local_key,local0,local1,phi,theta,time,var_local0,var_local1,var_phi,var_theta,var_time
0,72057731476881409,,-2.10035944,-180.917831,-0,-0,-0,0.000624999986,0.00999999978,0,0,0
1,72057731476881409,,-77.0808029,83.8862457,0,0,0,0.000624999986,0.00999999978,0,0,0
2,72057868915834881,,-155.2379,166.43808,0,0,0,0.000624999986,0.00999999978,0,0,0
