measurement_id,geometry_id,local_key,local0,local1,phi,theta,time,var_local0,var_local1,var_phi,var_theta,var_time
0,72057731476881409,,-31.6871395,-24.5494118,-0,-0,-0,0.000624999986,0.00999999978,0,0,0
1,72057731476881409,,33.4918327,-54.6469917,0,0,0,0.000624999986,0.00999999978,0,0,0
2,72057868915834881,,-63.2994194,-49.3460388,-0,-0,-0,0.000624999986,0.00999999978,0,0,0
3,72057868915834881,,67.53228,-108.949959,0,0,0,0.000624999986,0.00999999978,0,0,0
4,72058006354788353,,-94.7846756,-74.0189285,-0,-0,-0,0.000624999986,0.00999999978,0,0,0
5,72058006354788353,,102.174767,-162.875,0,0,0,0.000624999986,0.00999999978,0,0,0
6,72058143793741825,,-126.170425,-99.0717163,-0,-0,-0,0.000624999986,0.00999999978,0,0,0
7,72058281232695297,,-157.501785,-124.182411,-0,-0,-0,0.000624999986,0.00999999978,0,0,0
8,72058418671648769,,-188.772629,-149.149857,-0,-0,-0,0.000624999986,0.00999999978,0,0,0
