measurement_id,geometry_id,local_key,local0,local1,phi,theta,time,var_local0,var_local1,var_phi,var_theta,var_time
0,72057731476881409,,-31.5245934,34.4272232,0,0,0,0.000624999986,0.00999999978,0,0,0
1,72057731476881409,,-44.5901108,16.6712551,0,0,0,0.000624999986,0.00999999978,0,0,0
2,72057868915834881,,-63.8468018,67.5600128,0,0,0,0.000624999986,0.00999999978,0,0,0
3,72057868915834881,,-89.2939606,33.119709,0,0,0,0.000624999986,0.00999999978,0,0,0
4,72058006354788353,,-96.7217789,100.482773,0,0,0,0.000624999986,0.00999999978,0,0,0
5,72058006354788353,,-134.272812,48.83358,0,0,0,0.000624999986,0.00999999978,0,0,0
6,72058143793741825,,-130.324234,132.908234,0,0,0,0.000624999986,0.00999999978,0,0,0
7,72058143793741825,,-179.32254,64.4282379,0,0,0,0.000624999986,0.00999999978,0,0,0
8,72058281232695297,,-164.553375,164.190826,0,0,0,0.000624999986,0.00999999978,0,0,0
