measurement_id,geometry_id,local_key,local0,local1,phi,theta,time,var_local0,var_local1,var_phi,var_theta,var_time
0,72057731476881409,,-7.44197893,98.7438278,0,0,0,0.000624999986,0.00999999978,0,0,0
1,72057731476881409,,-35.8926888,-10.8138123,-0,-0,-0,0.000624999986,0.00999999978,0,0,0
2,72057731476881409,,-23.9298897,-68.2917252,-0,-0,-0,0.000624999986,0.00999999978,0,0,0
3,72057868915834881,,-19.0267086,197.087509,0,0,0,0.000624999986,0.00999999978,0,0,0
4,72057868915834881,,-71.723259,-21.7500191,-0,-0,-0,0.000624999986,0.00999999978,0,0,0
5,72057868915834881,,-46.1335449,-137.530411,-0,-0,-0,0.000624999986,0.00999999978,0,0,0
6,72058006354788353,,-107.494698,-32.9053345,-0,-0,-0,0.000624999986,0.00999999978,0,0,0
7,72058143793741825,,-143.229889,-44.288662,-0,-0,-0,0.000624999986,0.00999999978,0,0,0
8,72058281232695297,,-178.905701,-55.8690987,-0,-0,-0,0.000624999986,0.00999999978,0,0,0
