measurement_id,geometry_id,local_key,local0,local1,phi,theta,time,var_local0,var_local1,var_phi,var_theta,var_time
0,72057731476881409,,-56.0260849,9.08179283,0,0,0,0.000624999986,0.00999999978,0,0,0
1,72057868915834881,,-112.052933,17.9857826,0,0,0,0.000624999986,0.00999999978,0,0,0
2,72058006354788353,,-168.149353,26.7336674,0,0,0,0.000624999986,0.00999999978,0,0,0
