measurement_id,geometry_id,local_key,local0,local1,phi,theta,time,var_local0,var_local1,var_phi,var_theta,var_time
0,72057731476881409,,15.6049862,-32.1689072,0,0,0,0.000624999986,0.00999999978,0,0,0
1,72057731476881409,,137.479065,28.860218,0,0,0,0.000624999986,0.00999999978,0,0,0
2,72057731476881409,,-54.3314972,-77.5048218,-0,-0,-0,0.000624999986,0.00999999978,0,0,0
3,72057868915834881,,31.3342953,-64.2504196,0,0,0,0.000624999986,0.00999999978,0,0,0
4,72057868915834881,,-107.434464,-155.813232,-0,-0,-0,0.000624999986,0.00999999978,0,0,0
5,72058006354788353,,47.1795731,-96.5212326,0,0,0,0.000624999986,0.00999999978,0,0,0
6,72058143793741825,,63.0290642,-128.592026,0,0,0,0.000624999986,0.00999999978,0,0,0
7,72058281232695297,,79.1408997,-160.413315,0,0,0,0.000624999986,0.00999999978,0,0,0
8,72058418671648769,,95.2462234,-192.446014,0,0,0,0.000624999986,0.00999999978,0,0,0
