measurement_id,geometry_id,local_key,local0,local1,phi,theta,time,var_local0,var_local1,var_phi,var_theta,var_time
0,72057731476881409,,62.706295,-0.571151376,0,0,0,0.000624999986,0.00999999978,0,0,0
1,72057731476881409,,-58.8389206,88.2206039,0,0,0,0.000624999986,0.00999999978,0,0,0
2,72057731476881409,,-94.0007019,85.7135391,0,0,0,0.000624999986,0.00999999978,0,0,0
3,72057868915834881,,125.355942,-0.948142409,0,0,0,0.000624999986,0.00999999978,0,0,0
4,72057868915834881,,-119.042633,176.104004,0,0,0,0.000624999986,0.00999999978,0,0,0
5,72057868915834881,,-189.066711,170.389526,0,0,0,0.000624999986,0.00999999978,0,0,0
6,72058006354788353,,188.103455,-1.01525378,0,0,0,0.000624999986,0.00999999978,0,0,0
