measurement_id,geometry_id,local_key,local0,local1,phi,theta,time,var_local0,var_local1,var_phi,var_theta,var_time
0,72057731476881409,,-26.9743938,21.4607143,0,0,0,0.000624999986,0.00999999978,0,0,0
1,72057731476881409,,76.3897324,97.8322754,0,0,0,0.000624999986,0.00999999978,0,0,0
2,72057868915834881,,-54.1065063,43.0350418,0,0,0,0.000624999986,0.00999999978,0,0,0
3,72057868915834881,,151.683472,196.414215,0,0,0,0.000624999986,0.00999999978,0,0,0
4,72058006354788353,,-81.4616928,64.0430756,0,0,0,0.000624999986,0.00999999978,0,0,0
5,72058143793741825,,-108.993835,85.180481,0,0,0,0.000624999986,0.00999999978,0,0,0
6,72058281232695297,,-136.671631,105.653572,0,0,0,0.000624999986,0.00999999978,0,0,0
7,72058418671648769,,-164.628052,126.003082,0,0,0,0.000624999986,0.00999999978,0,0,0
8,72058556110602241,,-192.69664,146.174576,0,0,0,0.000624999986,0.00999999978,0,0,0
