measurement_id,geometry_id,local_key,local0,local1,phi,theta,time,var_local0,var_local1,var_phi,var_theta,var_time
0,72057731476881409,,31.5232925,5.88208675,0,0,0,0.000624999986,0.00999999978,0,0,0
1,72057731476881409,,-22.8707047,50.6721992,0,0,0,0.000624999986,0.00999999978,0,0,0
2,72057868915834881,,62.9709511,11.8895864,0,0,0,0.000624999986,0.00999999978,0,0,0
3,72057868915834881,,-46.0061378,100.861755,0,0,0,0.000624999986,0.00999999978,0,0,0
4,72058006354788353,,94.4331512,18.0752239,0,0,0,0.000624999986,0.00999999978,0,0,0
5,72058006354788353,,-69.4025803,150.945114,0,0,0,0.000624999986,0.00999999978,0,0,0
6,72058143793741825,,125.852089,24.3261814,0,0,0,0.000624999986,0.00999999978,0,0,0
7,72058281232695297,,157.289444,30.9441891,0,0,0,0.000624999986,0.00999999978,0,0,0
8,72058418671648769,,188.673645,37.3961105,0,0,0,0.000624999986,0.00999999978,0,0,0
