measurement_id,geometry_id,local_key,local0,local1,phi,theta,time,var_local0,var_local1,var_phi,var_theta,var_time
0,72057731476881409,,-5.74873257,-52.4497681,-0,-0,-0,0.000624999986,0.00999999978,0,0,0
1,72057731476881409,,-3.55119348,51.4669418,0,0,0,0.000624999986,0.00999999978,0,0,0
2,72057868915834881,,-11.1132717,-104.899895,-0,-0,-0,0.000624999986,0.00999999978,0,0,0
3,72057868915834881,,-7.35880136,102.836258,0,0,0,0.000624999986,0.00999999978,0,0,0
4,72058006354788353,,-16.1443882,-157.443909,-0,-0,-0,0.000624999986,0.00999999978,0,0,0
5,72058006354788353,,-11.4490957,154.267426,0,0,0,0.000624999986,0.00999999978,0,0,0
