measurement_id,geometry_id,local_key,local0,local1,phi,theta,time,var_local0,var_local1,var_phi,var_theta,var_time
0,72057731476881409,,4.43614531,56.5122566,0,0,0,0.000624999986,0.00999999978,0,0,0
1,72057731476881409,,76.6277237,-40.465126,0,0,0,0.000624999986,0.00999999978,0,0,0
2,72057731476881409,,-49.0530434,-52.7072868,-0,-0,-0,0.000624999986,0.00999999978,0,0,0
3,72057868915834881,,8.62639427,112.986481,0,0,0,0.000624999986,0.00999999978,0,0,0
4,72057868915834881,,153.539719,-80.3066177,0,0,0,0.000624999986,0.00999999978,0,0,0
5,72057868915834881,,-97.7868347,-105.721321,-0,-0,-0,0.000624999986,0.00999999978,0,0,0
6,72058006354788353,,12.5989962,169.342484,0,0,0,0.000624999986,0.00999999978,0,0,0
7,72058006354788353,,-146.167603,-159.040527,-0,-0,-0,0.000624999986,0.00999999978,0,0,0
