measurement_id,geometry_id,local_key,local0,local1,phi,theta,time,var_local0,var_local1,var_phi,var_theta,var_time
0,72057731476881409,,-10.0400801,46.3026657,0,0,0,0.000624999986,0.00999999978,0,0,0
1,72057731476881409,,50.3621941,9.43542099,0,0,0,0.000624999986,0.00999999978,0,0,0
2,72057868915834881,,-20.183567,92.3391647,0,0,0,0.000624999986,0.00999999978,0,0,0
3,72057868915834881,,100.619705,19.594738,0,0,0,0.000624999986,0.00999999978,0,0,0
4,72058006354788353,,-30.5554905,138.505554,0,0,0,0.000624999986,0.00999999978,0,0,0
5,72058006354788353,,150.894363,29.7693615,0,0,0,0.000624999986,0.00999999978,0,0,0
6,72058143793741825,,-41.1161003,184.689682,0,0,0,0.000624999986,0.00999999978,0,0,0
