measurement_id,geometry_id,local_key,local0,local1,phi,theta,time,var_local0,var_local1,var_phi,var_theta,var_time
0,72057731476881409,,8.66022587,2.584198,0,0,0,0.000624999986,0.00999999978,0,0,0
1,72057868915834881,,17.3702049,5.49103069,0,0,0,0.000624999986,0.00999999978,0,0,0
2,72058006354788353,,25.9813251,8.01472473,0,0,0,0.000624999986,0.00999999978,0,0,0
3,72058143793741825,,34.6213036,11.0304117,0,0,0,0.000624999986,0.00999999978,0,0,0
4,72058281232695297,,43.1801529,13.9908733,0,0,0,0.000624999986,0.00999999978,0,0,0
5,72058418671648769,,51.7484512,17.0370636,0,0,0,0.000624999986,0.00999999978,0,0,0
6,72058556110602241,,60.3514595,19.7915783,0,0,0,0.000624999986,0.00999999978,0,0,0
7,72058693549555713,,68.915062,23.1727161,0,0,0,0.000624999986,0.00999999978,0,0,0
8,72058830988509185,,77.4190598,26.2564354,0,0,0,0.000624999986,0.00999999978,0,0,0
