measurement_id,geometry_id,local_key,local0,local1,phi,theta,time,var_local0,var_local1,var_phi,var_theta,var_time
0,72057731476881409,,-15.611722,-33.4847755,-0,-0,-0,0.000624999986,0.00999999978,0,0,0
1,72057868915834881,,-30.8370132,-67.28302,-0,-0,-0,0.000624999986,0.00999999978,0,0,0
2,72058006354788353,,-45.647995,-101.420677,-0,-0,-0,0.000624999986,0.00999999978,0,0,0
3,72058143793741825,,-60.2318344,-135.387436,-0,-0,-0,0.000624999986,0.00999999978,0,0,0
4,72058281232695297,,-74.3118286,-169.495392,-0,-0,-0,0.000624999986,0.00999999978,0,0,0
