measurement_id,geometry_id,local_key,local0,local1,phi,theta,time,var_local0,var_local1,var_phi,var_theta,var_time
0,72057731476881409,,-48.4994545,20.8916416,0,0,0,0.000624999986,0.00999999978,0,0,0
1,72057731476881409,,-82.0066071,-72.8084641,-0,-0,-0,0.000624999986,0.00999999978,0,0,0
2,72057731476881409,,60.6787529,58.3263664,0,0,0,0.000624999986,0.00999999978,0,0,0
3,72057868915834881,,-97.1533203,41.488575,0,0,0,0.000624999986,0.00999999978,0,0,0
4,72057868915834881,,-161.919434,-147.936203,-0,-0,-0,0.000624999986,0.00999999978,0,0,0
5,72057868915834881,,120.96656,116.791733,0,0,0,0.000624999986,0.00999999978,0,0,0
6,72058006354788353,,-146.071869,61.820694,0,0,0,0.000624999986,0.00999999978,0,0,0
7,72058006354788353,,181.012512,175.596634,0,0,0,0.000624999986,0.00999999978,0,0,0
8,72058143793741825,,-195.001007,81.5572433,0,0,0,0.000624999986,0.00999999978,0,0,0
