measurement_id,geometry_id,local_key,local0,local1,phi,theta,time,var_local0,var_local1,var_phi,var_theta,var_time
0,72057731476881409,,-18.2689419,0.0875882879,0,0,0,0.000624999986,0.00999999978,0,0,0
1,72057868915834881,,-36.5565071,-0.0265617315,-0,-0,-0,0.000624999986,0.00999999978,0,0,0
2,72058006354788353,,-54.8025398,-0.463117331,-0,-0,-0,0.000624999986,0.00999999978,0,0,0
3,72058143793741825,,-73.0225601,-0.981476009,-0,-0,-0,0.000624999986,0.00999999978,0,0,0
4,72058281232695297,,-91.3048706,-1.49124479,-0,-0,-0,0.000624999986,0.00999999978,0,0,0
5,72058418671648769,,-109.537544,-2.41483784,-0,-0,-0,0.000624999986,0.00999999978,0,0,0
6,72058556110602241,,-127.771584,-3.22503281,-0,-0,-0,0.000624999986,0.00999999978,0,0,0
7,72058693549555713,,-146.000854,-4.29891491,-0,-0,-0,0.000624999986,0.00999999978,0,0,0
8,72058830988509185,,-164.228943,-5.45932961,-0,-0,-0,0.000624999986,0.00999999978,0,0,0
