measurement_id,geometry_id,local_key,local0,local1,phi,theta,time,var_local0,var_local1,var_phi,var_theta,var_time
0,72057731476881409,,-35.6995888,-49.5760841,-0,-0,-0,0.000624999986,0.00999999978,0,0,0
1,72057731476881409,,83.4848022,0.228945643,0,0,0,0.000624999986,0.00999999978,0,0,0
2,72057731476881409,,-22.571043,-120.501022,-0,-0,-0,0.000624999986,0.00999999978,0,0,0
3,72057731476881409,,-100.169273,78.1466751,0,0,0,0.000624999986,0.00999999978,0,0,0
4,72057868915834881,,-71.0591202,-99.3760529,-0,-0,-0,0.000624999986,0.00999999978,0,0,0
5,72057868915834881,,166.906845,1.60757148,0,0,0,0.000624999986,0.00999999978,0,0,0
6,72058006354788353,,-106.091209,-149.524521,-0,-0,-0,0.000624999986,0.00999999978,0,0,0
7,72058143793741825,,-140.801239,-199.782227,-0,-0,-0,0.000624999986,0.00999999978,0,0,0
