measurement_id,geometry_id,local_key,local0,local1,phi,theta,time,var_local0,var_local1,var_phi,var_theta,var_time
0,72057731476881409,,40.0888557,-0.0386494547,0,0,0,0.000624999986,0.00999999978,0,0,0
1,72057731476881409,,42.0593758,-115.446404,0,0,0,0.000624999986,0.00999999978,0,0,0
2,72057868915834881,,80.2250214,-0.00635684514,0,0,0,0.000624999986,0.00999999978,0,0,0
3,72058006354788353,,120.300201,0.18043074,0,0,0,0.000624999986,0.00999999978,0,0,0
4,72058143793741825,,160.408676,0.901060045,0,0,0,0.000624999986,0.00999999978,0,0,0
