measurement_id,geometry_id,local_key,local0,local1,phi,theta,time,var_local0,var_local1,var_phi,var_theta,var_time
0,72057731476881409,,-10.4370213,7.41725922,0,0,0,0.000624999986,0.00999999978,0,0,0
1,72057868915834881,,-20.9756546,14.7626696,0,0,0,0.000624999986,0.00999999978,0,0,0
2,72058006354788353,,-31.6077671,21.7037468,0,0,0,0.000624999986,0.00999999978,0,0,0
3,72058143793741825,,-42.2809753,28.6695118,0,0,0,0.000624999986,0.00999999978,0,0,0
4,72058281232695297,,-53.0395432,35.5308952,0,0,0,0.000624999986,0.00999999978,0,0,0
5,72058418671648769,,-63.8943558,42.2487297,0,0,0,0.000624999986,0.00999999978,0,0,0
6,72058556110602241,,-74.8663254,48.8470001,0,0,0,0.000624999986,0.00999999978,0,0,0
7,72058693549555713,,-85.8410645,55.3950806,0,0,0,0.000624999986,0.00999999978,0,0,0
8,72058830988509185,,-96.8997498,61.8491669,0,0,0,0.000624999986,0.00999999978,0,0,0
