measurement_id,geometry_id,local_key,local0,local1,phi,theta,time,var_local0,var_local1,var_phi,var_theta,var_time
0,72057731476881409,,-20.0556641,-30.6246109,-0,-0,-0,0.000624999986,0.00999999978,0,0,0
1,72057868915834881,,-39.7740326,-61.7092361,-0,-0,-0,0.000624999986,0.00999999978,0,0,0
2,72058006354788353,,-59.3697815,-92.6539841,-0,-0,-0,0.000624999986,0.00999999978,0,0,0
3,72058143793741825,,-78.6648178,-123.728874,-0,-0,-0,0.000624999986,0.00999999978,0,0,0
4,72058281232695297,,-97.7430649,-155.342285,-0,-0,-0,0.000624999986,0.00999999978,0,0,0
5,72058418671648769,,-116.594849,-186.749374,-0,-0,-0,0.000624999986,0.00999999978,0,0,0
