measurement_id,geometry_id,local_key,local0,local1,phi,theta,time,var_local0,var_local1,var_phi,var_theta,var_time
0,72057731476881409,,-132.906631,-108.852615,-0,-0,-0,0.000624999986,0.00999999978,0,0,0
1,72057731476881409,,19.5420494,-34.8021393,0,0,0,0.000624999986,0.00999999978,0,0,0
2,72057868915834881,,39.2826271,-69.6641235,0,0,0,0.000624999986,0.00999999978,0,0,0
3,72058006354788353,,59.3376732,-103.987495,0,0,0,0.000624999986,0.00999999978,0,0,0
4,72058143793741825,,79.5931244,-138.432175,0,0,0,0.000624999986,0.00999999978,0,0,0
5,72058281232695297,,100.128464,-172.767548,0,0,0,0.000624999986,0.00999999978,0,0,0
