measurement_id,geometry_id,local_key,local0,local1,phi,theta,time,var_local0,var_local1,var_phi,var_theta,var_time
0,72057731476881409,,-190.970016,63.2806396,0,0,0,0.000624999986,0.00999999978,0,0,0
1,72057731476881409,,56.0370903,138.290451,0,0,0,0.000624999986,0.00999999978,0,0,0
2,72057731476881409,,52.3430595,7.28291416,0,0,0,0.000624999986,0.00999999978,0,0,0
3,72057868915834881,,104.611069,14.7030783,0,0,0,0.000624999986,0.00999999978,0,0,0
4,72058006354788353,,156.828323,22.3466988,0,0,0,0.000624999986,0.00999999978,0,0,0
