measurement_id,geometry_id,local_key,local0,local1,phi,theta,time,var_local0,var_local1,var_phi,var_theta,var_time
0,72057731476881409,,3.08560562,-32.284935,0,0,0,0.000624999986,0.00999999978,0,0,0
1,72057731476881409,,56.2179184,-50.6029968,0,0,0,0.000624999986,0.00999999978,0,0,0
2,72057868915834881,,6.37558317,-64.7794037,0,0,0,0.000624999986,0.00999999978,0,0,0
3,72057868915834881,,112.87664,-100.334999,0,0,0,0.000624999986,0.00999999978,0,0,0
4,72058006354788353,,9.6859808,-96.8067017,0,0,0,0.000624999986,0.00999999978,0,0,0
5,72058006354788353,,169.911819,-149.782913,0,0,0,0.000624999986,0.00999999978,0,0,0
6,72058143793741825,,13.144948,-129.101715,0,0,0,0.000624999986,0.00999999978,0,0,0
7,72058281232695297,,16.7117863,-161.43042,0,0,0,0.000624999986,0.00999999978,0,0,0
8,72058418671648769,,20.3865623,-193.719391,0,0,0,0.000624999986,0.00999999978,0,0,0
