measurement_id,geometry_id,local_key,local0,local1,phi,theta,time,var_local0,var_local1,var_phi,var_theta,var_time
0,72057731476881409,,54.9987831,5.26874113,0,0,0,0.000624999986,0.00999999978,0,0,0
1,72057731476881409,,-53.6394958,68.1597748,0,0,0,0.000624999986,0.00999999978,0,0,0
2,72057731476881409,,86.3928986,104.318069,0,0,0,0.000624999986,0.00999999978,0,0,0
3,72057731476881409,,160.788132,-67.6324081,0,0,0,0.000624999986,0.00999999978,0,0,0
4,72057868915834881,,109.973991,11.2442884,0,0,0,0.000624999986,0.00999999978,0,0,0
5,72057868915834881,,-108.520805,135.281631,0,0,0,0.000624999986,0.00999999978,0,0,0
6,72058006354788353,,164.849487,17.8937054,0,0,0,0.000624999986,0.00999999978,0,0,0
