measurement_id,geometry_id,local_key,local0,local1,phi,theta,time,var_local0,var_local1,var_phi,var_theta,var_time
0,72057731476881409,,-19.7787991,18.0923729,0,0,0,0.000624999986,0.00999999978,0,0,0
1,72057868915834881,,-39.5590477,35.9855347,0,0,0,0.000624999986,0.00999999978,0,0,0
2,72058006354788353,,-59.4266167,53.6876831,0,0,0,0.000624999986,0.00999999978,0,0,0
3,72058143793741825,,-79.4095154,71.4834595,0,0,0,0.000624999986,0.00999999978,0,0,0
4,72058281232695297,,-99.423378,89.1379013,0,0,0,0.000624999986,0.00999999978,0,0,0
5,72058418671648769,,-119.533386,106.619461,0,0,0,0.000624999986,0.00999999978,0,0,0
6,72058556110602241,,-139.694077,124.339203,0,0,0,0.000624999986,0.00999999978,0,0,0
7,72058693549555713,,-159.864792,141.756119,0,0,0,0.000624999986,0.00999999978,0,0,0
8,72058830988509185,,-180.085602,159.035934,0,0,0,0.000624999986,0.00999999978,0,0,0
