measurement_id,geometry_id,local_key,local0,local1,phi,theta,time,var_local0,var_local1,var_phi,var_theta,var_time
0,72057731476881409,,-3.03732467,-22.3847446,-0,-0,-0,0.000624999986,0.00999999978,0,0,0
1,72057868915834881,,-6.06481075,-44.6841736,-0,-0,-0,0.000624999986,0.00999999978,0,0,0
2,72058006354788353,,-8.88398361,-66.9488449,-0,-0,-0,0.000624999986,0.00999999978,0,0,0
3,72058143793741825,,-11.7728891,-89.2098236,-0,-0,-0,0.000624999986,0.00999999978,0,0,0
4,72058281232695297,,-14.4741173,-111.628059,-0,-0,-0,0.000624999986,0.00999999978,0,0,0
5,72058418671648769,,-17.2363701,-133.98085,-0,-0,-0,0.000624999986,0.00999999978,0,0,0
6,72058556110602241,,-19.8251953,-156.170471,-0,-0,-0,0.000624999986,0.00999999978,0,0,0
7,72058693549555713,,-22.4230213,-178.696564,-0,-0,-0,0.000624999986,0.00999999978,0,0,0
