measurement_id,geometry_id,local_key,local0,local1,phi,theta,time,var_local0,var_local1,var_phi,var_theta,var_time
0,72057731476881409,,-5.33730841,33.8633156,0,0,0,0.000624999986,0.00999999978,0,0,0
1,72057731476881409,,-29.2225742,91.8410721,0,0,0,0.000624999986,0.00999999978,0,0,0
2,72057731476881409,,118.66613,193.964752,0,0,0,0.000624999986,0.00999999978,0,0,0
3,72057868915834881,,-10.8397188,67.9299545,0,0,0,0.000624999986,0.00999999978,0,0,0
4,72057868915834881,,-60.1542015,182.945679,0,0,0,0.000624999986,0.00999999978,0,0,0
5,72058006354788353,,-16.5426865,101.704529,0,0,0,0.000624999986,0.00999999978,0,0,0
6,72058143793741825,,-22.3736992,135.555847,0,0,0,0.000624999986,0.00999999978,0,0,0
7,72058281232695297,,-28.4353962,169.275116,0,0,0,0.000624999986,0.00999999978,0,0,0
