measurement_id,geometry_id,local_key,local0,local1,phi,theta,time,var_local0,var_local1,var_phi,var_theta,var_time
0,72057731476881409,,32.5749588,-4.18252993,0,0,0,0.000624999986,0.00999999978,0,0,0
1,72057731476881409,,103.037437,75.446579,0,0,0,0.000624999986,0.00999999978,0,0,0
2,72057868915834881,,65.1870422,-8.38741684,0,0,0,0.000624999986,0.00999999978,0,0,0
3,72058006354788353,,97.8363113,-11.9280338,0,0,0,0.000624999986,0.00999999978,0,0,0
4,72058143793741825,,130.356293,-16.0128593,0,0,0,0.000624999986,0.00999999978,0,0,0
5,72058281232695297,,163.060898,-19.6689034,0,0,0,0.000624999986,0.00999999978,0,0,0
6,72058418671648769,,195.649307,-23.1642132,0,0,0,0.000624999986,0.00999999978,0,0,0
