measurement_id,geometry_id,local_key,local0,local1,phi,theta,time,var_local0,var_local1,var_phi,var_theta,var_time
0,72057731476881409,,1.76992238,-85.5293503,0,0,0,0.000624999986,0.00999999978,0,0,0
1,72057731476881409,,-49.5081902,45.8694382,0,0,0,0.000624999986,0.00999999978,0,0,0
2,72057731476881409,,-105.852364,-118.997452,-0,-0,-0,0.000624999986,0.00999999978,0,0,0
3,72057868915834881,,4.11914349,-170.871964,0,0,0,0.000624999986,0.00999999978,0,0,0
4,72057868915834881,,-99.2275696,91.2305603,0,0,0,0.000624999986,0.00999999978,0,0,0
5,72058006354788353,,-149.262146,136.637436,0,0,0,0.000624999986,0.00999999978,0,0,0
6,72058143793741825,,-199.446609,181.390686,0,0,0,0.000624999986,0.00999999978,0,0,0
