measurement_id,geometry_id,local_key,local0,local1,phi,theta,time,var_local0,var_local1,var_phi,var_theta,var_time
0,72057731476881409,,29.7810612,-35.1161804,0,0,0,0.000624999986,0.00999999978,0,0,0
1,72057731476881409,,75.5573349,60.979538,0,0,0,0.000624999986,0.00999999978,0,0,0
2,72057731476881409,,-129.434082,123.039719,0,0,0,0.000624999986,0.00999999978,0,0,0
3,72057868915834881,,59.8104286,-69.9610748,0,0,0,0.000624999986,0.00999999978,0,0,0
4,72057868915834881,,150.517151,122.932739,0,0,0,0.000624999986,0.00999999978,0,0,0
5,72058006354788353,,90.0913849,-104.559738,0,0,0,0.000624999986,0.00999999978,0,0,0
6,72058143793741825,,120.656868,-139.285706,0,0,0,0.000624999986,0.00999999978,0,0,0
7,72058281232695297,,151.439087,-173.457642,0,0,0,0.000624999986,0.00999999978,0,0,0
