measurement_id,geometry_id,local_key,local0,local1,phi,theta,time,var_local0,var_local1,var_phi,var_theta,var_time
0,72057731476881409,,-24.0265465,12.8882236,0,0,0,0.000624999986,0.00999999978,0,0,0
1,72057868915834881,,-48.3095894,25.5125351,0,0,0,0.000624999986,0.00999999978,0,0,0
2,72058006354788353,,-72.6140366,38.0079117,0,0,0,0.000624999986,0.00999999978,0,0,0
3,72058143793741825,,-96.9522247,50.4817467,0,0,0,0.000624999986,0.00999999978,0,0,0
4,72058281232695297,,-121.38047,62.9225655,0,0,0,0.000624999986,0.00999999978,0,0,0
5,72058418671648769,,-145.968765,74.7252426,0,0,0,0.000624999986,0.00999999978,0,0,0
6,72058556110602241,,-170.619034,86.4318542,0,0,0,0.000624999986,0.00999999978,0,0,0
7,72058693549555713,,-195.331757,98.0669174,0,0,0,0.000624999986,0.00999999978,0,0,0
