measurement_id,geometry_id,local_key,local0,local1,phi,theta,time,var_local0,var_local1,var_phi,var_theta,var_time
0,72057731476881409,,-24.7870407,-3.81567383,-0,-0,-0,0.000624999986,0.00999999978,0,0,0
1,72057731476881409,,-105.22036,-3.09036517,-0,-0,-0,0.000624999986,0.00999999978,0,0,0
2,72057868915834881,,-49.6289291,-7.54558468,-0,-0,-0,0.000624999986,0.00999999978,0,0,0
3,72058006354788353,,-74.4279022,-11.4865227,-0,-0,-0,0.000624999986,0.00999999978,0,0,0
4,72058143793741825,,-99.2342529,-15.5710049,-0,-0,-0,0.000624999986,0.00999999978,0,0,0
5,72058281232695297,,-124.031013,-19.6560116,-0,-0,-0,0.000624999986,0.00999999978,0,0,0
6,72058418671648769,,-148.763474,-23.7782497,-0,-0,-0,0.000624999986,0.00999999978,0,0,0
7,72058556110602241,,-173.490158,-28.3597794,-0,-0,-0,0.000624999986,0.00999999978,0,0,0
8,72058693549555713,,-198.26004,-32.4454536,-0,-0,-0,0.000624999986,0.00999999978,0,0,0
