measurement_id,geometry_id,local_key,local0,local1,phi,theta,time,var_local0,var_local1,var_phi,var_theta,var_time
0,72057731476881409,,58.7334328,66.5086288,0,0,0,0.000624999986,0.00999999978,0,0,0
1,72057731476881409,,57.2893524,-46.0746269,0,0,0,0.000624999986,0.00999999978,0,0,0
2,72057868915834881,,116.689636,133.482956,0,0,0,0.000624999986,0.00999999978,0,0,0
3,72057868915834881,,115.292732,-91.1191635,0,0,0,0.000624999986,0.00999999978,0,0,0
4,72058006354788353,,174.002899,-135.515839,0,0,0,0.000624999986,0.00999999978,0,0,0
