measurement_id,geometry_id,local_key,local0,local1,phi,theta,time,var_local0,var_local1,var_phi,var_theta,var_time
0,72057731476881409,,4.1506424,-82.2432327,0,0,0,0.000624999986,0.00999999978,0,0,0
1,72057731476881409,,89.4423218,47.4277,0,0,0,0.000624999986,0.00999999978,0,0,0
2,72057731476881409,,9.21213722,-86.0598679,0,0,0,0.000624999986,0.00999999978,0,0,0
3,72057868915834881,,10.3100958,-164.217987,0,0,0,0.000624999986,0.00999999978,0,0,0
4,72057868915834881,,178.574051,95.6542206,0,0,0,0.000624999986,0.00999999978,0,0,0
5,72057868915834881,,20.3526287,-171.991684,0,0,0,0.000624999986,0.00999999978,0,0,0
