measurement_id,geometry_id,local_key,local0,local1,phi,theta,time,var_local0,var_local1,var_phi,var_theta,var_time
0,72057731476881409,,-91.2786026,38.8214455,0,0,0,0.000624999986,0.00999999978,0,0,0
1,72057868915834881,,-182.985291,76.9131622,0,0,0,0.000624999986,0.00999999978,0,0,0
