measurement_id,geometry_id,local_key,local0,local1,phi,theta,time,var_local0,var_local1,var_phi,var_theta,var_time
0,72057731476881409,,43.2677116,75.6721954,0,0,0,0.000624999986,0.00999999978,0,0,0
1,72057731476881409,,-23.5222015,-38.7572975,-0,-0,-0,0.000624999986,0.00999999978,0,0,0
2,72057868915834881,,85.6033783,152.00032,0,0,0,0.000624999986,0.00999999978,0,0,0
3,72057868915834881,,-46.6608849,-77.3775635,-0,-0,-0,0.000624999986,0.00999999978,0,0,0
4,72058006354788353,,-69.3282166,-116.453445,-0,-0,-0,0.000624999986,0.00999999978,0,0,0
5,72058143793741825,,-91.698143,-155.862488,-0,-0,-0,0.000624999986,0.00999999978,0,0,0
6,72058281232695297,,-113.587502,-195.353622,-0,-0,-0,0.000624999986,0.00999999978,0,0,0
