measurement_id,geometry_id,local_key,local0,local1,phi,theta,time,var_local0,var_local1,var_phi,var_theta,var_time
0,72057731476881409,,52.3125305,-7.63085413,0,0,0,0.000624999986,0.00999999978,0,0,0
1,72057731476881409,,-90.0510101,-27.0933304,-0,-0,-0,0.000624999986,0.00999999978,0,0,0
2,72057731476881409,,31.812849,144.06369,0,0,0,0.000624999986,0.00999999978,0,0,0
3,72057868915834881,,104.824043,-14.9995098,0,0,0,0.000624999986,0.00999999978,0,0,0
4,72057868915834881,,-179.917114,-54.9005394,-0,-0,-0,0.000624999986,0.00999999978,0,0,0
5,72058006354788353,,157.285248,-21.4707794,0,0,0,0.000624999986,0.00999999978,0,0,0
