measurement_id,geometry_id,local_key,local0,local1,phi,theta,time,var_local0,var_local1,var_phi,var_theta,var_time
0,72057731476881409,,37.8925591,-35.3080482,0,0,0,0.000624999986,0.00999999978,0,0,0
1,72057731476881409,,123.924652,-76.1249313,0,0,0,0.000624999986,0.00999999978,0,0,0
2,72057868915834881,,76.4574585,-70.057724,0,0,0,0.000624999986,0.00999999978,0,0,0
3,72058006354788353,,115.604271,-104.040359,0,0,0,0.000624999986,0.00999999978,0,0,0
4,72058143793741825,,155.289566,-137.311752,0,0,0,0.000624999986,0.00999999978,0,0,0
5,72058281232695297,,195.567169,-169.714981,0,0,0,0.000624999986,0.00999999978,0,0,0
