measurement_id,geometry_id,local_key,local0,local1,phi,theta,time,var_local0,var_local1,var_phi,var_theta,var_time
0,72057731476881409,,-97.4894409,-41.2944603,-0,-0,-0,0.000624999986,0.00999999978,0,0,0
1,72057731476881409,,74.4229584,16.3822155,0,0,0,0.000624999986,0.00999999978,0,0,0
2,72057868915834881,,-194.665421,-83.1901627,-0,-0,-0,0.000624999986,0.00999999978,0,0,0
3,72057868915834881,,148.755646,33.1519623,0,0,0,0.000624999986,0.00999999978,0,0,0
