measurement_id,geometry_id,local_key,local0,local1,phi,theta,time,var_local0,var_local1,var_phi,var_theta,var_time
0,72057731476881409,,-56.8618164,12.083539,0,0,0,0.000624999986,0.00999999978,0,0,0
1,72057868915834881,,-113.797493,23.8841801,0,0,0,0.000624999986,0.00999999978,0,0,0
2,72058006354788353,,-170.772125,35.3540382,0,0,0,0.000624999986,0.00999999978,0,0,0
