measurement_id,geometry_id,local_key,local0,local1,phi,theta,time,var_local0,var_local1,var_phi,var_theta,var_time
0,72057731476881409,,-0.05904641,26.0925045,0,0,0,0.000624999986,0.00999999978,0,0,0
1,72057731476881409,,-90.608757,-2.15943003,-0,-0,-0,0.000624999986,0.00999999978,0,0,0
2,72057868915834881,,-0.454777569,51.8542747,0,0,0,0.000624999986,0.00999999978,0,0,0
3,72057868915834881,,-181.22438,-4.87695122,-0,-0,-0,0.000624999986,0.00999999978,0,0,0
4,72058006354788353,,-1.11771882,77.8324203,0,0,0,0.000624999986,0.00999999978,0,0,0
5,72058143793741825,,-2.1068294,103.649162,0,0,0,0.000624999986,0.00999999978,0,0,0
6,72058281232695297,,-3.41322136,129.661545,0,0,0,0.000624999986,0.00999999978,0,0,0
7,72058418671648769,,-4.97580194,155.433273,0,0,0,0.000624999986,0.00999999978,0,0,0
8,72058556110602241,,-6.82723856,181.299225,0,0,0,0.000624999986,0.00999999978,0,0,0
