measurement_id,geometry_id,local_key,local0,local1,phi,theta,time,var_local0,var_local1,var_phi,var_theta,var_time
0,72057731476881409,,-114.805618,8.60292149,0,0,0,0.000624999986,0.00999999978,0,0,0
1,72057731476881409,,21.2906189,24.7666225,0,0,0,0.000624999986,0.00999999978,0,0,0
2,72057868915834881,,42.5480156,49.4886894,0,0,0,0.000624999986,0.00999999978,0,0,0
3,72058006354788353,,63.7083397,74.1258469,0,0,0,0.000624999986,0.00999999978,0,0,0
4,72058143793741825,,84.7915192,99.2391129,0,0,0,0.000624999986,0.00999999978,0,0,0
5,72058281232695297,,105.782761,124.216164,0,0,0,0.000624999986,0.00999999978,0,0,0
6,72058418671648769,,126.770317,149.277557,0,0,0,0.000624999986,0.00999999978,0,0,0
7,72058556110602241,,147.583694,174.394028,0,0,0,0.000624999986,0.00999999978,0,0,0
8,72058693549555713,,168.358643,199.457809,0,0,0,0.000624999986,0.00999999978,0,0,0
