measurement_id,geometry_id,local_key,local0,local1,phi,theta,time,var_local0,var_local1,var_phi,var_theta,var_time
0,72057731476881409,,26.3976479,-22.2713623,0,0,0,0.000624999986,0.00999999978,0,0,0
1,72057731476881409,,109.639252,33.0025215,0,0,0,0.000624999986,0.00999999978,0,0,0
2,72057868915834881,,52.8170662,-44.0824814,0,0,0,0.000624999986,0.00999999978,0,0,0
3,72058006354788353,,79.4535599,-66.0235748,0,0,0,0.000624999986,0.00999999978,0,0,0
4,72058143793741825,,106.180977,-87.7358932,0,0,0,0.000624999986,0.00999999978,0,0,0
5,72058281232695297,,133.006638,-109.254616,0,0,0,0.000624999986,0.00999999978,0,0,0
6,72058418671648769,,160.000656,-130.520691,0,0,0,0.000624999986,0.00999999978,0,0,0
7,72058556110602241,,187.00647,-152.012955,0,0,0,0.000624999986,0.00999999978,0,0,0
