measurement_id,geometry_id,local_key,local0,local1,phi,theta,time,var_local0,var_local1,var_phi,var_theta,var_time
0,72057731476881409,,-13.8809185,-16.471941,-0,-0,-0,0.000624999986,0.00999999978,0,0,0
1,72057868915834881,,-27.7182121,-33.1293945,-0,-0,-0,0.000624999986,0.00999999978,0,0,0
2,72058006354788353,,-41.4960785,-49.5112,-0,-0,-0,0.000624999986,0.00999999978,0,0,0
3,72058143793741825,,-55.0959015,-66.3307953,-0,-0,-0,0.000624999986,0.00999999978,0,0,0
4,72058281232695297,,-68.7655334,-83.229866,-0,-0,-0,0.000624999986,0.00999999978,0,0,0
5,72058418671648769,,-82.2863541,-99.8620605,-0,-0,-0,0.000624999986,0.00999999978,0,0,0
6,72058556110602241,,-95.7516174,-116.852631,-0,-0,-0,0.000624999986,0.00999999978,0,0,0
7,72058693549555713,,-109.152222,-133.630081,-0,-0,-0,0.000624999986,0.00999999978,0,0,0
8,72058830988509185,,-122.545006,-150.646042,-0,-0,-0,0.000624999986,0.00999999978,0,0,0
