measurement_id,geometry_id,local_key,local0,local1,phi,theta,time,var_local0,var_local1,var_phi,var_theta,var_time
0,72057731476881409,,-79.9173508,-50.6708794,-0,-0,-0,0.000624999986,0.00999999978,0,0,0
1,72057731476881409,,72.6868439,-76.7546997,0,0,0,0.000624999986,0.00999999978,0,0,0
2,72057868915834881,,-159.397049,-101.915207,-0,-0,-0,0.000624999986,0.00999999978,0,0,0
3,72057868915834881,,146.948044,-152.059448,0,0,0,0.000624999986,0.00999999978,0,0,0
