measurement_id,geometry_id,local_key,local0,local1,phi,theta,time,var_local0,var_local1,var_phi,var_theta,var_time
0,72057731476881409,,-27.8255539,-12.6385155,-0,-0,-0,0.000624999986,0.00999999978,0,0,0
1,72057868915834881,,-55.6722107,-25.3407593,-0,-0,-0,0.000624999986,0.00999999978,0,0,0
2,72058006354788353,,-83.4092865,-38.0938377,-0,-0,-0,0.000624999986,0.00999999978,0,0,0
3,72058143793741825,,-111.057991,-51.1255302,-0,-0,-0,0.000624999986,0.00999999978,0,0,0
4,72058281232695297,,-138.715546,-64.1944733,-0,-0,-0,0.000624999986,0.00999999978,0,0,0
5,72058418671648769,,-166.264221,-77.7309494,-0,-0,-0,0.000624999986,0.00999999978,0,0,0
6,72058556110602241,,-193.669693,-91.0370941,-0,-0,-0,0.000624999986,0.00999999978,0,0,0
