measurement_id,geometry_id,local_key,local0,local1,phi,theta,time,var_local0,var_local1,var_phi,var_theta,var_time
0,72057731476881409,,138.986145,148.585846,0,0,0,0.000624999986,0.00999999978,0,0,0
1,72057731476881409,,-42.5896759,8.79785252,0,0,0,0.000624999986,0.00999999978,0,0,0
2,72057868915834881,,-85.2988586,17.3505611,0,0,0,0.000624999986,0.00999999978,0,0,0
3,72058006354788353,,-127.98484,26.2048759,0,0,0,0.000624999986,0.00999999978,0,0,0
4,72058143793741825,,-170.676117,33.9987297,0,0,0,0.000624999986,0.00999999978,0,0,0
