measurement_id,geometry_id,local_key,local0,local1,phi,theta,time,var_local0,var_local1,var_phi,var_theta,var_time
0,72057731476881409,,-25.2352753,-25.9276772,-0,-0,-0,0.000624999986,0.00999999978,0,0,0
1,72057868915834881,,-50.2288246,-51.8639259,-0,-0,-0,0.000624999986,0.00999999978,0,0,0
2,72058006354788353,,-75.1434937,-78.3029404,-0,-0,-0,0.000624999986,0.00999999978,0,0,0
3,72058143793741825,,-99.8269119,-104.575188,-0,-0,-0,0.000624999986,0.00999999978,0,0,0
4,72058281232695297,,-124.304085,-131.123703,-0,-0,-0,0.000624999986,0.00999999978,0,0,0
5,72058418671648769,,-148.641846,-157.998871,-0,-0,-0,0.000624999986,0.00999999978,0,0,0
6,72058556110602241,,-172.801041,-184.704559,-0,-0,-0,0.000624999986,0.00999999978,0,0,0
