measurement_id,geometry_id,local_key,local0,local1,phi,theta,time,var_local0,var_local1,var_phi,var_theta,var_time
0,72057731476881409,,-7.78694534,7.6169591,0,0,0,0.000624999986,0.00999999978,0,0,0
1,72057868915834881,,-15.6485395,15.0237875,0,0,0,0.000624999986,0.00999999978,0,0,0
2,72058006354788353,,-23.5343132,22.273531,0,0,0,0.000624999986,0.00999999978,0,0,0
3,72058143793741825,,-31.5074768,29.5509338,0,0,0,0.000624999986,0.00999999978,0,0,0
4,72058281232695297,,-39.5368156,37.0629272,0,0,0,0.000624999986,0.00999999978,0,0,0
5,72058418671648769,,-47.5581207,43.9796181,0,0,0,0.000624999986,0.00999999978,0,0,0
6,72058556110602241,,-55.7456131,51.2437248,0,0,0,0.000624999986,0.00999999978,0,0,0
7,72058693549555713,,-63.9198952,58.3577042,0,0,0,0.000624999986,0.00999999978,0,0,0
8,72058830988509185,,-72.2475052,65.2504425,0,0,0,0.000624999986,0.00999999978,0,0,0
