measurement_id,geometry_id,local_key,local0,local1,phi,theta,time,var_local0,var_local1,var_phi,var_theta,var_time
0,72057731476881409,,-47.4565392,-59.9791069,-0,-0,-0,0.000624999986,0.00999999978,0,0,0
1,72057731476881409,,29.1952496,-136.065933,0,0,0,0.000624999986,0.00999999978,0,0,0
2,72057868915834881,,-91.9978104,-122.275925,-0,-0,-0,0.000624999986,0.00999999978,0,0,0
3,72058006354788353,,-133.742081,-186.520172,-0,-0,-0,0.000624999986,0.00999999978,0,0,0
