measurement_id,geometry_id,local_key,local0,local1,phi,theta,time,var_local0,var_local1,var_phi,var_theta,var_time
0,72057731476881409,,22.5416145,101.64386,0,0,0,0.000624999986,0.00999999978,0,0,0
1,72057731476881409,,114.846161,42.0552788,0,0,0,0.000624999986,0.00999999978,0,0,0
2,72057731476881409,,-27.1801395,-0.433575034,-0,-0,-0,0.000624999986,0.00999999978,0,0,0
3,72057868915834881,,-54.4283257,-0.791354895,-0,-0,-0,0.000624999986,0.00999999978,0,0,0
4,72058006354788353,,-81.573204,-1.70592558,-0,-0,-0,0.000624999986,0.00999999978,0,0,0
5,72058143793741825,,-108.787674,-2.38641214,-0,-0,-0,0.000624999986,0.00999999978,0,0,0
6,72058281232695297,,-135.937225,-3.20353484,-0,-0,-0,0.000624999986,0.00999999978,0,0,0
7,72058418671648769,,-163.158325,-4.1731286,-0,-0,-0,0.000624999986,0.00999999978,0,0,0
8,72058556110602241,,-190.345093,-5.31192684,-0,-0,-0,0.000624999986,0.00999999978,0,0,0
