measurement_id,geometry_id,local_key,local0,local1,phi,theta,time,var_local0,var_local1,var_phi,var_theta,var_time
0,72057731476881409,,12.0296831,35.790123,0,0,0,0.000624999986,0.00999999978,0,0,0
1,72057731476881409,,25.9753227,58.8117294,0,0,0,0.000624999986,0.00999999978,0,0,0
2,72057868915834881,,23.7425823,71.6890411,0,0,0,0.000624999986,0.00999999978,0,0,0
3,72057868915834881,,50.8744965,118.357056,0,0,0,0.000624999986,0.00999999978,0,0,0
4,72058006354788353,,35.1443367,107.403557,0,0,0,0.000624999986,0.00999999978,0,0,0
5,72058006354788353,,74.5932312,178.122894,0,0,0,0.000624999986,0.00999999978,0,0,0
6,72058143793741825,,46.2322502,143.351547,0,0,0,0.000624999986,0.00999999978,0,0,0
7,72058281232695297,,56.9746933,179.533554,0,0,0,0.000624999986,0.00999999978,0,0,0
