measurement_id,geometry_id,local_key,local0,local1,phi,theta,time,var_local0,var_local1,var_phi,var_theta,var_time
0,72057731476881409,,2.89645672,32.5875664,0,0,0,0.000624999986,0.00999999978,0,0,0
1,72057731476881409,,95.9082642,-142.249924,0,0,0,0.000624999986,0.00999999978,0,0,0
2,72057868915834881,,5.68489408,65.3133392,0,0,0,0.000624999986,0.00999999978,0,0,0
3,72058006354788353,,8.38446808,97.5810242,0,0,0,0.000624999986,0.00999999978,0,0,0
4,72058143793741825,,11.0456333,130.489792,0,0,0,0.000624999986,0.00999999978,0,0,0
5,72058281232695297,,13.4828491,163.076447,0,0,0,0.000624999986,0.00999999978,0,0,0
6,72058418671648769,,15.9421816,195.64061,0,0,0,0.000624999986,0.00999999978,0,0,0
