measurement_id,geometry_id,local_key,local0,local1,phi,theta,time,var_local0,var_local1,var_phi,var_theta,var_time
0,72057731476881409,,40.2814293,14.5380268,0,0,0,0.000624999986,0.00999999978,0,0,0
1,72057731476881409,,13.9741926,62.0505295,0,0,0,0.000624999986,0.00999999978,0,0,0
2,72057731476881409,,51.3222046,-167.282257,0,0,0,0.000624999986,0.00999999978,0,0,0
3,72057868915834881,,80.442276,28.9197521,0,0,0,0.000624999986,0.00999999978,0,0,0
4,72057868915834881,,25.9384747,124.369011,0,0,0,0.000624999986,0.00999999978,0,0,0
5,72058006354788353,,120.570168,43.7431984,0,0,0,0.000624999986,0.00999999978,0,0,0
6,72058006354788353,,35.9149704,187.216263,0,0,0,0.000624999986,0.00999999978,0,0,0
7,72058143793741825,,160.613007,58.724987,0,0,0,0.000624999986,0.00999999978,0,0,0
