measurement_id,geometry_id,local_key,local0,local1,phi,theta,time,var_local0,var_local1,var_phi,var_theta,var_time
0,72057731476881409,,-94.7753143,-129.636917,-0,-0,-0,0.000624999986,0.00999999978,0,0,0
1,72057731476881409,,-22.6462345,-48.9587669,-0,-0,-0,0.000624999986,0.00999999978,0,0,0
2,72057731476881409,,-94.7886963,10.067255,0,0,0,0.000624999986,0.00999999978,0,0,0
3,72057868915834881,,-44.9113693,-97.8672333,-0,-0,-0,0.000624999986,0.00999999978,0,0,0
4,72057868915834881,,-189.76384,18.1868649,0,0,0,0.000624999986,0.00999999978,0,0,0
5,72058006354788353,,-66.7792816,-147.546066,-0,-0,-0,0.000624999986,0.00999999978,0,0,0
6,72058143793741825,,-88.2523804,-196.673233,-0,-0,-0,0.000624999986,0.00999999978,0,0,0
