measurement_id,geometry_id,local_key,local0,local1,phi,theta,time,var_local0,var_local1,var_phi,var_theta,var_time
0,72057731476881409,,-30.2293148,28.3026314,0,0,0,0.000624999986,0.00999999978,0,0,0
1,72057868915834881,,-61.2009125,56.1463089,0,0,0,0.000624999986,0.00999999978,0,0,0
2,72058006354788353,,-92.7889862,82.8953705,0,0,0,0.000624999986,0.00999999978,0,0,0
3,72058143793741825,,-125.120544,109.020935,0,0,0,0.000624999986,0.00999999978,0,0,0
4,72058281232695297,,-158.078522,134.050659,0,0,0,0.000624999986,0.00999999978,0,0,0
5,72058418671648769,,-191.621353,158.51973,0,0,0,0.000624999986,0.00999999978,0,0,0
