measurement_id,geometry_id,local_key,local0,local1,phi,theta,time,var_local0,var_local1,var_phi,var_theta,var_time
0,72057731476881409,,-66.7903748,-4.51930666,-0,-0,-0,0.000624999986,0.00999999978,0,0,0
1,72057731476881409,,-40.3009644,-44.456337,-0,-0,-0,0.000624999986,0.00999999978,0,0,0
2,72057868915834881,,-133.602783,-9.40426636,-0,-0,-0,0.000624999986,0.00999999978,0,0,0
3,72057868915834881,,-80.3775024,-89.3110809,-0,-0,-0,0.000624999986,0.00999999978,0,0,0
4,72058006354788353,,-120.154823,-134.373734,-0,-0,-0,0.000624999986,0.00999999978,0,0,0
5,72058143793741825,,-159.691635,-179.538315,-0,-0,-0,0.000624999986,0.00999999978,0,0,0
