measurement_id,geometry_id,local_key,local0,local1,phi,theta,time,var_local0,var_local1,var_phi,var_theta,var_time
0,72057731476881409,,-39.6400299,-71.9484711,-0,-0,-0,0.000624999986,0.00999999978,0,0,0
1,72057868915834881,,-78.6920471,-144.591675,-0,-0,-0,0.000624999986,0.00999999978,0,0,0
