measurement_id,geometry_id,local_key,local0,local1,phi,theta,time,var_local0,var_local1,var_phi,var_theta,var_time
0,72057731476881409,,7.52016973,31.4806995,0,0,0,0.000624999986,0.00999999978,0,0,0
1,72057868915834881,,14.8685179,62.5781746,0,0,0,0.000624999986,0.00999999978,0,0,0
2,72058006354788353,,22.010561,93.98172,0,0,0,0.000624999986,0.00999999978,0,0,0
3,72058143793741825,,28.8225555,125.650558,0,0,0,0.000624999986,0.00999999978,0,0,0
4,72058281232695297,,35.4889145,156.878052,0,0,0,0.000624999986,0.00999999978,0,0,0
5,72058418671648769,,41.9527054,188.614716,0,0,0,0.000624999986,0.00999999978,0,0,0
