measurement_id,geometry_id,local_key,local0,local1,phi,theta,time,var_local0,var_local1,var_phi,var_theta,var_time
0,72057731476881409,,11.8157063,127.789482,0,0,0,0.000624999986,0.00999999978,0,0,0
1,72057731476881409,,-162.958328,79.2500916,0,0,0,0.000624999986,0.00999999978,0,0,0
2,72057731476881409,,-11.2844191,-118.886955,-0,-0,-0,0.000624999986,0.00999999978,0,0,0
