measurement_id,geometry_id,local_key,local0,local1,phi,theta,time,var_local0,var_local1,var_phi,var_theta,var_time
0,72057731476881409,,34.0017166,-11.224762,0,0,0,0.000624999986,0.00999999978,0,0,0
1,72057731476881409,,-156.033157,-32.1177826,-0,-0,-0,0.000624999986,0.00999999978,0,0,0
2,72057731476881409,,-42.6301956,-135.613541,-0,-0,-0,0.000624999986,0.00999999978,0,0,0
3,72057868915834881,,68.1488113,-21.9426098,0,0,0,0.000624999986,0.00999999978,0,0,0
4,72058006354788353,,102.383865,-32.5292473,0,0,0,0.000624999986,0.00999999978,0,0,0
5,72058143793741825,,136.646622,-42.8292503,0,0,0,0.000624999986,0.00999999978,0,0,0
6,72058281232695297,,170.986328,-52.7793694,0,0,0,0.000624999986,0.00999999978,0,0,0
