measurement_id,geometry_id,local_key,local0,local1,phi,theta,time,var_local0,var_local1,var_phi,var_theta,var_time
0,72057731476881409,,50.0466232,-80.5762024,0,0,0,0.000624999986,0.00999999978,0,0,0
1,72057731476881409,,21.4850636,43.2509079,0,0,0,0.000624999986,0.00999999978,0,0,0
2,72057731476881409,,108.678688,94.2924576,0,0,0,0.000624999986,0.00999999978,0,0,0
3,72057868915834881,,100.550529,-160.698349,0,0,0,0.000624999986,0.00999999978,0,0,0
4,72057868915834881,,42.6886635,86.4822006,0,0,0,0.000624999986,0.00999999978,0,0,0
5,72058006354788353,,63.5376434,129.93251,0,0,0,0.000624999986,0.00999999978,0,0,0
6,72058143793741825,,84.1388016,173.608963,0,0,0,0.000624999986,0.00999999978,0,0,0
