measurement_id,geometry_id,local_key,local0,local1,phi,theta,time,var_local0,var_local1,var_phi,var_theta,var_time
0,72057731476881409,,-65.1393967,58.2105675,0,0,0,0.000624999986,0.00999999978,0,0,0
1,72057731476881409,,-47.0365601,-101.825745,-0,-0,-0,0.000624999986,0.00999999978,0,0,0
2,72057868915834881,,-131.130966,115.395218,0,0,0,0.000624999986,0.00999999978,0,0,0
3,72058006354788353,,-198.23204,171.393127,0,0,0,0.000624999986,0.00999999978,0,0,0
