measurement_id,geometry_id,local_key,local0,local1,phi,theta,time,var_local0,var_local1,var_phi,var_theta,var_time
0,72057731476881409,,-21.1119881,-40.7038612,-0,-0,-0,0.000624999986,0.00999999978,0,0,0
1,72057731476881409,,-194.147629,-84.1041565,-0,-0,-0,0.000624999986,0.00999999978,0,0,0
2,72057731476881409,,10.9447327,100.157249,0,0,0,0.000624999986,0.00999999978,0,0,0
3,72057731476881409,,60.2355423,54.8711395,0,0,0,0.000624999986,0.00999999978,0,0,0
4,72057868915834881,,-41.9079056,-81.8625259,-0,-0,-0,0.000624999986,0.00999999978,0,0,0
5,72057868915834881,,118.746742,111.542877,0,0,0,0.000624999986,0.00999999978,0,0,0
6,72058006354788353,,-62.5342255,-122.821762,-0,-0,-0,0.000624999986,0.00999999978,0,0,0
7,72058006354788353,,175.50528,169.888702,0,0,0,0.000624999986,0.00999999978,0,0,0
8,72058143793741825,,-82.8236389,-164.31929,-0,-0,-0,0.000624999986,0.00999999978,0,0,0
