measurement_id,geometry_id,local_key,local0,local1,phi,theta,time,var_local0,var_local1,var_phi,var_theta,var_time
0,72057731476881409,,-21.1678085,36.6466446,0,0,0,0.000624999986,0.00999999978,0,0,0
1,72057868915834881,,-42.4792252,73.0635605,0,0,0,0.000624999986,0.00999999978,0,0,0
2,72058006354788353,,-63.936451,109.783035,0,0,0,0.000624999986,0.00999999978,0,0,0
3,72058143793741825,,-85.5220413,146.184967,0,0,0,0.000624999986,0.00999999978,0,0,0
4,72058281232695297,,-107.314384,182.413742,0,0,0,0.000624999986,0.00999999978,0,0,0
