measurement_id,geometry_id,local_key,local0,local1,phi,theta,time,var_local0,var_local1,var_phi,var_theta,var_time
0,72057731476881409,,-14.3945856,6.72607327,0,0,0,0.000624999986,0.00999999978,0,0,0
1,72057868915834881,,-28.8132877,12.7976141,0,0,0,0.000624999986,0.00999999978,0,0,0
2,72058006354788353,,-43.3013039,19.0046616,0,0,0,0.000624999986,0.00999999978,0,0,0
3,72058143793741825,,-57.8767815,25.1323872,0,0,0,0.000624999986,0.00999999978,0,0,0
4,72058281232695297,,-72.5282211,31.2209587,0,0,0,0.000624999986,0.00999999978,0,0,0
5,72058418671648769,,-87.2039261,36.8191261,0,0,0,0.000624999986,0.00999999978,0,0,0
6,72058556110602241,,-101.908348,42.7609329,0,0,0,0.000624999986,0.00999999978,0,0,0
7,72058693549555713,,-116.736694,48.1263809,0,0,0,0.000624999986,0.00999999978,0,0,0
8,72058830988509185,,-131.545776,53.4924278,0,0,0,0.000624999986,0.00999999978,0,0,0
