measurement_id,geometry_id,local_key,local0,local1,phi,theta,time,var_local0,var_local1,var_phi,var_theta,var_time
0,72057731476881409,,2.27141356,32.4834938,0,0,0,0.000624999986,0.00999999978,0,0,0
1,72057731476881409,,-55.4327507,-147.28688,-0,-0,-0,0.000624999986,0.00999999978,0,0,0
2,72057868915834881,,4.32141924,64.8661194,0,0,0,0.000624999986,0.00999999978,0,0,0
3,72058006354788353,,6.17884207,97.260025,0,0,0,0.000624999986,0.00999999978,0,0,0
4,72058143793741825,,7.83293915,129.574295,0,0,0,0.000624999986,0.00999999978,0,0,0
5,72058281232695297,,9.27563667,162.07222,0,0,0,0.000624999986,0.00999999978,0,0,0
6,72058418671648769,,10.5825129,194.551559,0,0,0,0.000624999986,0.00999999978,0,0,0
