measurement_id,geometry_id,local_key,local0,local1,phi,theta,time,var_local0,var_local1,var_phi,var_theta,var_time
0,72057731476881409,,-92.931366,-42.9170876,-0,-0,-0,0.000624999986,0.00999999978,0,0,0
1,72057731476881409,,36.4388275,-12.3311424,0,0,0,0.000624999986,0.00999999978,0,0,0
2,72057868915834881,,-185.651093,-86.4813461,-0,-0,-0,0.000624999986,0.00999999978,0,0,0
3,72057868915834881,,73.0314713,-24.609705,0,0,0,0.000624999986,0.00999999978,0,0,0
4,72058006354788353,,109.703583,-36.4340134,0,0,0,0.000624999986,0.00999999978,0,0,0
5,72058143793741825,,146.42453,-47.92799,0,0,0,0.000624999986,0.00999999978,0,0,0
6,72058281232695297,,183.256714,-59.5919876,0,0,0,0.000624999986,0.00999999978,0,0,0
