measurement_id,geometry_id,local_key,local0,local1,phi,theta,time,var_local0,var_local1,var_phi,var_theta,var_time
0,72057731476881409,,-16.636198,65.2861023,0,0,0,0.000624999986,0.00999999978,0,0,0
1,72057731476881409,,-20.9753857,41.5722771,0,0,0,0.000624999986,0.00999999978,0,0,0
2,72057868915834881,,-33.6470795,130.495468,0,0,0,0.000624999986,0.00999999978,0,0,0
3,72057868915834881,,-43.1194305,82.5260086,0,0,0,0.000624999986,0.00999999978,0,0,0
4,72058006354788353,,-51.0920944,195.484421,0,0,0,0.000624999986,0.00999999978,0,0,0
5,72058006354788353,,-66.5169678,122.989433,0,0,0,0.000624999986,0.00999999978,0,0,0
6,72058143793741825,,-91.0104675,162.619873,0,0,0,0.000624999986,0.00999999978,0,0,0
