measurement_id,geometry_id,local_key,local0,local1,phi,theta,time,var_local0,var_local1,var_phi,var_theta,var_time
0,72057731476881409,,14.070715,-12.1773071,0,0,0,0.000624999986,0.00999999978,0,0,0
1,72057868915834881,,28.3027229,-24.0219593,0,0,0,0.000624999986,0.00999999978,0,0,0
2,72058006354788353,,42.5388107,-35.7275543,0,0,0,0.000624999986,0.00999999978,0,0,0
3,72058143793741825,,56.7291756,-47.7198639,0,0,0,0.000624999986,0.00999999978,0,0,0
4,72058281232695297,,71.0007858,-59.7909355,0,0,0,0.000624999986,0.00999999978,0,0,0
5,72058418671648769,,85.3512573,-71.448494,0,0,0,0.000624999986,0.00999999978,0,0,0
6,72058556110602241,,99.6609573,-82.880722,0,0,0,0.000624999986,0.00999999978,0,0,0
7,72058693549555713,,113.962074,-94.6173477,0,0,0,0.000624999986,0.00999999978,0,0,0
8,72058830988509185,,128.391571,-106.553688,0,0,0,0.000624999986,0.00999999978,0,0,0
