measurement_id,geometry_id,local_key,local0,local1,phi,theta,time,var_local0,var_local1,var_phi,var_theta,var_time
0,72057731476881409,,30.237751,0.506099701,0,0,0,0.000624999986,0.00999999978,0,0,0
1,72057731476881409,,195.587341,185.208191,0,0,0,0.000624999986,0.00999999978,0,0,0
2,72057731476881409,,-35.6880875,-176.759384,-0,-0,-0,0.000624999986,0.00999999978,0,0,0
3,72057868915834881,,60.4457512,1.28213954,0,0,0,0.000624999986,0.00999999978,0,0,0
4,72058006354788353,,90.7027206,1.78952372,0,0,0,0.000624999986,0.00999999978,0,0,0
5,72058143793741825,,120.898361,3.01355338,0,0,0,0.000624999986,0.00999999978,0,0,0
6,72058281232695297,,151.151505,4.12651348,0,0,0,0.000624999986,0.00999999978,0,0,0
7,72058418671648769,,181.307098,5.23950768,0,0,0,0.000624999986,0.00999999978,0,0,0
