measurement_id,geometry_id,local_key,local0,local1,phi,theta,time,var_local0,var_local1,var_phi,var_theta,var_time
0,72057731476881409,,-26.805727,76.5443344,0,0,0,0.000624999986,0.00999999978,0,0,0
1,72057731476881409,,-68.1429825,-104.71418,-0,-0,-0,0.000624999986,0.00999999978,0,0,0
2,72057868915834881,,-54.2388687,152.960876,0,0,0,0.000624999986,0.00999999978,0,0,0
