measurement_id,geometry_id,local_key,local0,local1,phi,theta,time,var_local0,var_local1,var_phi,var_theta,var_time
0,72057731476881409,,46.620903,22.4051743,0,0,0,0.000624999986,0.00999999978,0,0,0
1,72057868915834881,,92.9085541,45.4006691,0,0,0,0.000624999986,0.00999999978,0,0,0
2,72058006354788353,,138.837509,69.0786057,0,0,0,0.000624999986,0.00999999978,0,0,0
3,72058143793741825,,184.476196,93.1508179,0,0,0,0.000624999986,0.00999999978,0,0,0
