measurement_id,geometry_id,local_key,local0,local1,phi,theta,time,var_local0,var_local1,var_phi,var_theta,var_time
0,72057731476881409,,1.45420301,-26.3409443,0,0,0,0.000624999986,0.00999999978,0,0,0
1,72057868915834881,,3.10365462,-52.5050697,0,0,0,0.000624999986,0.00999999978,0,0,0
2,72058006354788353,,4.76052856,-78.6763,0,0,0,0.000624999986,0.00999999978,0,0,0
3,72058143793741825,,6.63382244,-104.608231,0,0,0,0.000624999986,0.00999999978,0,0,0
4,72058281232695297,,8.59009743,-130.80368,0,0,0,0.000624999986,0.00999999978,0,0,0
5,72058418671648769,,10.6833668,-157.20668,0,0,0,0.000624999986,0.00999999978,0,0,0
6,72058556110602241,,12.9088812,-183.118668,0,0,0,0.000624999986,0.00999999978,0,0,0
