measurement_id,geometry_id,local_key,local0,local1,phi,theta,time,var_local0,var_local1,var_phi,var_theta,var_time
0,72057731476881409,,-37.1186638,-72.2893143,-0,-0,-0,0.000624999986,0.00999999978,0,0,0
1,72057868915834881,,-72.9467697,-145.468918,-0,-0,-0,0.000624999986,0.00999999978,0,0,0
