measurement_id,geometry_id,local_key,local0,local1,phi,theta,time,var_local0,var_local1,var_phi,var_theta,var_time
0,72057731476881409,,53.9681549,52.1166725,0,0,0,0.000624999986,0.00999999978,0,0,0
1,72057731476881409,,-43.4556198,-7.81594801,-0,-0,-0,0.000624999986,0.00999999978,0,0,0
2,72057731476881409,,174.9991,-109.442795,0,0,0,0.000624999986,0.00999999978,0,0,0
3,72057868915834881,,107.368004,105.159866,0,0,0,0.000624999986,0.00999999978,0,0,0
4,72057868915834881,,-86.8314972,-16.3947525,-0,-0,-0,0.000624999986,0.00999999978,0,0,0
5,72058006354788353,,160.119873,158.437439,0,0,0,0.000624999986,0.00999999978,0,0,0
6,72058006354788353,,-130.067871,-25.2625942,-0,-0,-0,0.000624999986,0.00999999978,0,0,0
7,72058143793741825,,-173.188553,-34.6312332,-0,-0,-0,0.000624999986,0.00999999978,0,0,0
