measurement_id,geometry_id,local_key,local0,local1,phi,theta,time,var_local0,var_local1,var_phi,var_theta,var_time
0,72057731476881409,,7.41122103,-75.2955475,0,0,0,0.000624999986,0.00999999978,0,0,0
1,72057731476881409,,-38.9316177,6.48403025,0,0,0,0.000624999986,0.00999999978,0,0,0
2,72057731476881409,,-105.491356,-113.89283,-0,-0,-0,0.000624999986,0.00999999978,0,0,0
3,72057868915834881,,17.7360268,-149.785904,0,0,0,0.000624999986,0.00999999978,0,0,0
4,72057868915834881,,-77.9916077,12.7137051,0,0,0,0.000624999986,0.00999999978,0,0,0
5,72058006354788353,,-117.026062,18.1409492,0,0,0,0.000624999986,0.00999999978,0,0,0
6,72058143793741825,,-156.155792,23.4667664,0,0,0,0.000624999986,0.00999999978,0,0,0
7,72058281232695297,,-195.364929,28.1118069,0,0,0,0.000624999986,0.00999999978,0,0,0
