measurement_id,geometry_id,local_key,local0,local1,phi,theta,time,var_local0,var_local1,var_phi,var_theta,var_time
0,72057731476881409,,10.7310104,-61.0440712,0,0,0,0.000624999986,0.00999999978,0,0,0
1,72057731476881409,,14.9466715,-83.7258759,0,0,0,0.000624999986,0.00999999978,0,0,0
2,72057868915834881,,21.9252663,-121.939796,0,0,0,0.000624999986,0.00999999978,0,0,0
3,72057868915834881,,30.4698658,-167.44693,0,0,0,0.000624999986,0.00999999978,0,0,0
4,72058006354788353,,33.456398,-182.987137,0,0,0,0.000624999986,0.00999999978,0,0,0
