measurement_id,geometry_id,local_key,local0,local1,phi,theta,time,var_local0,var_local1,var_phi,var_theta,var_time
0,72057731476881409,,45.592556,5.46243858,0,0,0,0.000624999986,0.00999999978,0,0,0
1,72057731476881409,,-88.4014435,-55.5331001,-0,-0,-0,0.000624999986,0.00999999978,0,0,0
2,72057868915834881,,91.1058578,11.4803982,0,0,0,0.000624999986,0.00999999978,0,0,0
3,72057868915834881,,-176.02179,-112.097946,-0,-0,-0,0.000624999986,0.00999999978,0,0,0
4,72058006354788353,,136.677063,17.7789326,0,0,0,0.000624999986,0.00999999978,0,0,0
5,72058143793741825,,182.048477,24.7657948,0,0,0,0.000624999986,0.00999999978,0,0,0
