measurement_id,geometry_id,local_key,local0,local1,phi,theta,time,var_local0,var_local1,var_phi,var_theta,var_time
0,72057731476881409,,33.5189095,-51.8145103,0,0,0,0.000624999986,0.00999999978,0,0,0
1,72057868915834881,,67.3630676,-103.712036,0,0,0,0.000624999986,0.00999999978,0,0,0
2,72058006354788353,,101.602165,-155.339188,0,0,0,0.000624999986,0.00999999978,0,0,0
