measurement_id,geometry_id,local_key,local0,local1,phi,theta,time,var_local0,var_local1,var_phi,var_theta,var_time
0,72057731476881409,,40.644474,-130.510193,0,0,0,0.000624999986,0.00999999978,0,0,0
1,72057731476881409,,28.394022,-18.8543873,0,0,0,0.000624999986,0.00999999978,0,0,0
2,72057868915834881,,56.9583282,-37.2748756,0,0,0,0.000624999986,0.00999999978,0,0,0
3,72058006354788353,,85.5803528,-55.7444725,0,0,0,0.000624999986,0.00999999978,0,0,0
4,72058143793741825,,114.20874,-74.1161804,0,0,0,0.000624999986,0.00999999978,0,0,0
5,72058281232695297,,142.979568,-92.4707642,0,0,0,0.000624999986,0.00999999978,0,0,0
6,72058418671648769,,171.830688,-110.510307,0,0,0,0.000624999986,0.00999999978,0,0,0
