measurement_id,geometry_id,local_key,local0,local1,phi,theta,time,var_local0,var_local1,var_phi,var_theta,var_time
0,72057731476881409,,10.9295206,12.8586483,0,0,0,0.000624999986,0.00999999978,0,0,0
1,72057868915834881,,21.8982353,26.1486893,0,0,0,0.000624999986,0.00999999978,0,0,0
2,72058006354788353,,32.6997032,39.3166656,0,0,0,0.000624999986,0.00999999978,0,0,0
3,72058143793741825,,43.6226006,52.395504,0,0,0,0.000624999986,0.00999999978,0,0,0
4,72058281232695297,,54.3969498,65.4887772,0,0,0,0.000624999986,0.00999999978,0,0,0
5,72058418671648769,,65.0993118,78.7200699,0,0,0,0.000624999986,0.00999999978,0,0,0
6,72058556110602241,,75.845993,91.7687225,0,0,0,0.000624999986,0.00999999978,0,0,0
7,72058693549555713,,86.5185623,105.033295,0,0,0,0.000624999986,0.00999999978,0,0,0
8,72058830988509185,,97.1703568,118.220901,0,0,0,0.000624999986,0.00999999978,0,0,0
