measurement_id,geometry_id,local_key,local0,local1,phi,theta,time,var_local0,var_local1,var_phi,var_theta,var_time
0,72057731476881409,,-140.203201,-56.6266365,-0,-0,-0,0.000624999986,0.00999999978,0,0,0
1,72057731476881409,,-30.4186726,4.37787485,0,0,0,0.000624999986,0.00999999978,0,0,0
2,72057868915834881,,-60.7875862,8.44691563,0,0,0,0.000624999986,0.00999999978,0,0,0
3,72058006354788353,,-91.2827759,12.6703291,0,0,0,0.000624999986,0.00999999978,0,0,0
4,72058143793741825,,-121.673828,16.632288,0,0,0,0.000624999986,0.00999999978,0,0,0
5,72058281232695297,,-152.136887,20.7091446,0,0,0,0.000624999986,0.00999999978,0,0,0
6,72058418671648769,,-182.58963,24.8429794,0,0,0,0.000624999986,0.00999999978,0,0,0
