measurement_id,geometry_id,local_key,local0,local1,phi,theta,time,var_local0,var_local1,var_phi,var_theta,var_time
0,72057731476881409,,107.294807,57.2065239,0,0,0,0.000624999986,0.00999999978,0,0,0
1,72057731476881409,,-40.5775909,6.27478075,0,0,0,0.000624999986,0.00999999978,0,0,0
2,72057731476881409,,-83.9028244,34.8143311,0,0,0,0.000624999986,0.00999999978,0,0,0
3,72057868915834881,,-81.0866165,12.5333958,0,0,0,0.000624999986,0.00999999978,0,0,0
4,72057868915834881,,-168.047043,68.8331757,0,0,0,0.000624999986,0.00999999978,0,0,0
5,72058006354788353,,-121.606873,18.5498886,0,0,0,0.000624999986,0.00999999978,0,0,0
6,72058143793741825,,-162.143478,24.5154686,0,0,0,0.000624999986,0.00999999978,0,0,0
