measurement_id,geometry_id,local_key,local0,local1,phi,theta,time,var_local0,var_local1,var_phi,var_theta,var_time
0,72057731476881409,,146.22612,96.7958755,0,0,0,0.000624999986,0.00999999978,0,0,0
1,72057731476881409,,1.98005784,-44.215641,0,0,0,0.000624999986,0.00999999978,0,0,0
2,72057868915834881,,4.16925716,-88.3551865,0,0,0,0.000624999986,0.00999999978,0,0,0
3,72058006354788353,,6.44041538,-132.834885,0,0,0,0.000624999986,0.00999999978,0,0,0
4,72058143793741825,,8.92388344,-176.784882,0,0,0,0.000624999986,0.00999999978,0,0,0
