measurement_id,geometry_id,local_key,local0,local1,phi,theta,time,var_local0,var_local1,var_phi,var_theta,var_time
0,72057731476881409,,47.4351616,-13.7796564,0,0,0,0.000624999986,0.00999999978,0,0,0
1,72057731476881409,,41.403717,18.5585747,0,0,0,0.000624999986,0.00999999978,0,0,0
2,72057868915834881,,94.8546753,-27.7541161,0,0,0,0.000624999986,0.00999999978,0,0,0
3,72057868915834881,,82.7384567,37.4459648,0,0,0,0.000624999986,0.00999999978,0,0,0
4,72058006354788353,,142.348312,-41.6167068,0,0,0,0.000624999986,0.00999999978,0,0,0
5,72058006354788353,,123.877968,56.4970322,0,0,0,0.000624999986,0.00999999978,0,0,0
6,72058143793741825,,189.947418,-54.8560257,0,0,0,0.000624999986,0.00999999978,0,0,0
7,72058143793741825,,164.918961,76.0027466,0,0,0,0.000624999986,0.00999999978,0,0,0
