measurement_id,geometry_id,local_key,local0,local1,phi,theta,time,var_local0,var_local1,var_phi,var_theta,var_time
0,72057731476881409,,23.7660732,-11.6698475,0,0,0,0.000624999986,0.00999999978,0,0,0
1,72057868915834881,,47.4866447,-23.5727615,0,0,0,0.000624999986,0.00999999978,0,0,0
2,72058006354788353,,71.4016724,-35.0036964,0,0,0,0.000624999986,0.00999999978,0,0,0
3,72058143793741825,,95.3491287,-46.4056129,0,0,0,0.000624999986,0.00999999978,0,0,0
4,72058281232695297,,119.330559,-57.6411781,0,0,0,0.000624999986,0.00999999978,0,0,0
5,72058418671648769,,143.405548,-68.7610245,0,0,0,0.000624999986,0.00999999978,0,0,0
6,72058556110602241,,167.554214,-79.9072266,0,0,0,0.000624999986,0.00999999978,0,0,0
7,72058693549555713,,191.766129,-90.6343002,0,0,0,0.000624999986,0.00999999978,0,0,0
