measurement_id,geometry_id,local_key,local0,local1,phi,theta,time,var_local0,var_local1,var_phi,var_theta,var_time
0,72057731476881409,,-53.4090042,-8.57057285,-0,-0,-0,0.000624999986,0.00999999978,0,0,0
1,72057731476881409,,69.8849335,-34.01231,0,0,0,0.000624999986,0.00999999978,0,0,0
2,72057731476881409,,55.6043739,-4.32226086,0,0,0,0.000624999986,0.00999999978,0,0,0
3,72057868915834881,,-106.823189,-17.8394508,-0,-0,-0,0.000624999986,0.00999999978,0,0,0
4,72057868915834881,,140.100845,-67.3880463,0,0,0,0.000624999986,0.00999999978,0,0,0
5,72057868915834881,,111.232277,-8.66053295,0,0,0,0.000624999986,0.00999999978,0,0,0
6,72058006354788353,,-160.055267,-27.1002827,-0,-0,-0,0.000624999986,0.00999999978,0,0,0
7,72058006354788353,,166.898529,-12.5908251,0,0,0,0.000624999986,0.00999999978,0,0,0
