measurement_id,geometry_id,local_key,local0,local1,phi,theta,time,var_local0,var_local1,var_phi,var_theta,var_time
0,72057731476881409,,11.8191614,-7.87492132,0,0,0,0.000624999986,0.00999999978,0,0,0
1,72057868915834881,,23.635004,-15.4647112,0,0,0,0.000624999986,0.00999999978,0,0,0
2,72058006354788353,,35.4483185,-23.2023811,0,0,0,0.000624999986,0.00999999978,0,0,0
3,72058143793741825,,47.3316917,-30.7589645,0,0,0,0.000624999986,0.00999999978,0,0,0
4,72058281232695297,,59.2091255,-38.5871582,0,0,0,0.000624999986,0.00999999978,0,0,0
5,72058418671648769,,71.2158051,-46.0290108,0,0,0,0.000624999986,0.00999999978,0,0,0
6,72058556110602241,,83.1953278,-53.4050293,0,0,0,0.000624999986,0.00999999978,0,0,0
7,72058693549555713,,95.1845169,-60.9012566,0,0,0,0.000624999986,0.00999999978,0,0,0
8,72058830988509185,,107.239632,-68.1413498,0,0,0,0.000624999986,0.00999999978,0,0,0
