measurement_id,geometry_id,local_key,local0,local1,phi,theta,time,var_local0,var_local1,var_phi,var_theta,var_time
0,72057731476881409,,10.1295252,159.550583,0,0,0,0.000624999986,0.00999999978,0,0,0
1,72057731476881409,,-96.697403,40.1194687,0,0,0,0.000624999986,0.00999999978,0,0,0
2,72057731476881409,,-47.9899826,0.644594908,0,0,0,0.000624999986,0.00999999978,0,0,0
3,72057868915834881,,-193.869263,79.0904999,0,0,0,0.000624999986,0.00999999978,0,0,0
4,72057868915834881,,-95.8735504,1.34114254,0,0,0,0.000624999986,0.00999999978,0,0,0
5,72058006354788353,,-143.854645,1.43477559,0,0,0,0.000624999986,0.00999999978,0,0,0
6,72058143793741825,,-191.828064,1.2029016,0,0,0,0.000624999986,0.00999999978,0,0,0
