measurement_id,geometry_id,local_key,local0,local1,phi,theta,time,var_local0,var_local1,var_phi,var_theta,var_time
0,72057731476881409,,-60.8111763,-31.6412258,-0,-0,-0,0.000624999986,0.00999999978,0,0,0
1,72057731476881409,,59.3651428,116.795021,0,0,0,0.000624999986,0.00999999978,0,0,0
2,72057868915834881,,-121.381966,-63.2573204,-0,-0,-0,0.000624999986,0.00999999978,0,0,0
3,72058006354788353,,-181.738449,-95.4252014,-0,-0,-0,0.000624999986,0.00999999978,0,0,0
