measurement_id,geometry_id,local_key,local0,local1,phi,theta,time,var_local0,var_local1,var_phi,var_theta,var_time
0,72057731476881409,,57.413166,-68.9805069,0,0,0,0.000624999986,0.00999999978,0,0,0
1,72057731476881409,,-87.7771072,-100.239502,-0,-0,-0,0.000624999986,0.00999999978,0,0,0
2,72057731476881409,,-131.991547,145.83757,0,0,0,0.000624999986,0.00999999978,0,0,0
3,72057868915834881,,115.536873,-137.277695,0,0,0,0.000624999986,0.00999999978,0,0,0
