measurement_id,geometry_id,local_key,local0,local1,phi,theta,time,var_local0,var_local1,var_phi,var_theta,var_time
0,72057731476881409,,-23.5830975,100.457703,0,0,0,0.000624999986,0.00999999978,0,0,0
1,72057731476881409,,22.4071426,17.691597,0,0,0,0.000624999986,0.00999999978,0,0,0
2,72057868915834881,,44.5711708,35.3589172,0,0,0,0.000624999986,0.00999999978,0,0,0
3,72058006354788353,,66.6379395,53.161068,0,0,0,0.000624999986,0.00999999978,0,0,0
4,72058143793741825,,88.531517,71.1058044,0,0,0,0.000624999986,0.00999999978,0,0,0
5,72058281232695297,,110.314522,89.261467,0,0,0,0.000624999986,0.00999999978,0,0,0
6,72058418671648769,,131.88945,107.738876,0,0,0,0.000624999986,0.00999999978,0,0,0
7,72058556110602241,,153.29892,126.280479,0,0,0,0.000624999986,0.00999999978,0,0,0
8,72058693549555713,,174.502319,145.128754,0,0,0,0.000624999986,0.00999999978,0,0,0
