measurement_id,geometry_id,local_key,local0,local1,phi,theta,time,var_local0,var_local1,var_phi,var_theta,var_time
0,72057731476881409,,-17.1218548,53.5869064,0,0,0,0.000624999986,0.00999999978,0,0,0
1,72057731476881409,,10.9382944,69.4263535,0,0,0,0.000624999986,0.00999999978,0,0,0
2,72057731476881409,,45.8633041,-94.9647217,0,0,0,0.000624999986,0.00999999978,0,0,0
3,72057731476881409,,-104.443886,-15.3644753,-0,-0,-0,0.000624999986,0.00999999978,0,0,0
4,72057868915834881,,-34.6053047,107.476784,0,0,0,0.000624999986,0.00999999978,0,0,0
5,72057868915834881,,20.0451107,139.00589,0,0,0,0.000624999986,0.00999999978,0,0,0
6,72057868915834881,,92.9086685,-189.102966,0,0,0,0.000624999986,0.00999999978,0,0,0
7,72058006354788353,,-52.1751671,160.784698,0,0,0,0.000624999986,0.00999999978,0,0,0
