measurement_id,geometry_id,local_key,local0,local1,phi,theta,time,var_local0,var_local1,var_phi,var_theta,var_time
0,72057731476881409,,47.1734924,29.2024136,0,0,0,0.000624999986,0.00999999978,0,0,0
1,72057731476881409,,43.7916222,27.7850342,0,0,0,0.000624999986,0.00999999978,0,0,0
2,72057868915834881,,94.1775208,58.3927193,0,0,0,0.000624999986,0.00999999978,0,0,0
3,72057868915834881,,87.4404907,55.7953529,0,0,0,0.000624999986,0.00999999978,0,0,0
4,72058006354788353,,141.08342,88.1967926,0,0,0,0.000624999986,0.00999999978,0,0,0
5,72058006354788353,,131.051178,83.83564,0,0,0,0.000624999986,0.00999999978,0,0,0
6,72058143793741825,,187.807144,117.932022,0,0,0,0.000624999986,0.00999999978,0,0,0
7,72058143793741825,,174.392746,112.095253,0,0,0,0.000624999986,0.00999999978,0,0,0
