measurement_id,geometry_id,local_key,local0,local1,phi,theta,time,var_local0,var_local1,var_phi,var_theta,var_time
0,72057731476881409,,-92.0501633,6.82242155,0,0,0,0.000624999986,0.00999999978,0,0,0
1,72057731476881409,,-20.1436291,25.8507099,0,0,0,0.000624999986,0.00999999978,0,0,0
2,72057868915834881,,-184.106674,12.9693918,0,0,0,0.000624999986,0.00999999978,0,0,0
3,72057868915834881,,-40.5535393,51.4652061,0,0,0,0.000624999986,0.00999999978,0,0,0
4,72058006354788353,,-61.1962166,77.2008667,0,0,0,0.000624999986,0.00999999978,0,0,0
5,72058143793741825,,-82.0320435,102.534531,0,0,0,0.000624999986,0.00999999978,0,0,0
6,72058281232695297,,-103.111549,127.758675,0,0,0,0.000624999986,0.00999999978,0,0,0
7,72058418671648769,,-124.451874,152.56662,0,0,0,0.000624999986,0.00999999978,0,0,0
8,72058556110602241,,-146.048874,177.528824,0,0,0,0.000624999986,0.00999999978,0,0,0
