measurement_id,geometry_id,local_key,local0,local1,phi,theta,time,var_local0,var_local1,var_phi,var_theta,var_time
0,72057731476881409,,53.7826805,-5.54163408,0,0,0,0.000624999986,0.00999999978,0,0,0
1,72057731476881409,,59.9319801,45.8747139,0,0,0,0.000624999986,0.00999999978,0,0,0
2,72057868915834881,,107.723297,-9.970644,0,0,0,0.000624999986,0.00999999978,0,0,0
3,72057868915834881,,119.27636,92.1163559,0,0,0,0.000624999986,0.00999999978,0,0,0
4,72058006354788353,,161.709427,-12.7437572,0,0,0,0.000624999986,0.00999999978,0,0,0
5,72058006354788353,,178.068451,139.199326,0,0,0,0.000624999986,0.00999999978,0,0,0
