measurement_id,geometry_id,local_key,local0,local1,phi,theta,time,var_local0,var_local1,var_phi,var_theta,var_time
0,72057731476881409,,25.2649269,-11.183877,0,0,0,0.000624999986,0.00999999978,0,0,0
1,72057731476881409,,6.66931868,-100.172661,0,0,0,0.000624999986,0.00999999978,0,0,0
2,72057868915834881,,50.5702934,-22.4263763,0,0,0,0.000624999986,0.00999999978,0,0,0
3,72058006354788353,,75.9275436,-33.4478188,0,0,0,0.000624999986,0.00999999978,0,0,0
4,72058143793741825,,101.251274,-44.8549118,0,0,0,0.000624999986,0.00999999978,0,0,0
5,72058281232695297,,126.614105,-56.0986404,0,0,0,0.000624999986,0.00999999978,0,0,0
6,72058418671648769,,152.065659,-66.5352554,0,0,0,0.000624999986,0.00999999978,0,0,0
7,72058556110602241,,177.53949,-77.6274338,0,0,0,0.000624999986,0.00999999978,0,0,0
