measurement_id,geometry_id,local_key,local0,local1,phi,theta,time,var_local0,var_local1,var_phi,var_theta,var_time
0,72057731476881409,,-29.1117992,23.6113796,0,0,0,0.000624999986,0.00999999978,0,0,0
1,72057731476881409,,65.90522,78.5742874,0,0,0,0.000624999986,0.00999999978,0,0,0
2,72057868915834881,,-58.3455048,46.889782,0,0,0,0.000624999986,0.00999999978,0,0,0
3,72057868915834881,,130.440613,158.215179,0,0,0,0.000624999986,0.00999999978,0,0,0
4,72058006354788353,,-87.7085419,70.0058289,0,0,0,0.000624999986,0.00999999978,0,0,0
5,72058143793741825,,-117.146606,92.9710388,0,0,0,0.000624999986,0.00999999978,0,0,0
6,72058281232695297,,-146.675186,115.839798,0,0,0,0.000624999986,0.00999999978,0,0,0
7,72058418671648769,,-176.300034,138.742432,0,0,0,0.000624999986,0.00999999978,0,0,0
