measurement_id,geometry_id,local_key,local0,local1,phi,theta,time,var_local0,var_local1,var_phi,var_theta,var_time
0,72057731476881409,,17.0590229,-23.0230789,0,0,0,0.000624999986,0.00999999978,0,0,0
1,72057868915834881,,34.1449089,-46.0312271,0,0,0,0.000624999986,0.00999999978,0,0,0
2,72058006354788353,,51.4823189,-68.6886215,0,0,0,0.000624999986,0.00999999978,0,0,0
3,72058143793741825,,68.8448257,-91.2934875,0,0,0,0.000624999986,0.00999999978,0,0,0
4,72058281232695297,,86.3610992,-113.763611,0,0,0,0.000624999986,0.00999999978,0,0,0
5,72058418671648769,,104.016151,-136.653259,0,0,0,0.000624999986,0.00999999978,0,0,0
6,72058556110602241,,121.750923,-158.855469,0,0,0,0.000624999986,0.00999999978,0,0,0
7,72058693549555713,,139.567825,-181.357269,0,0,0,0.000624999986,0.00999999978,0,0,0
