measurement_id,geometry_id,local_key,local0,local1,phi,theta,time,var_local0,var_local1,var_phi,var_theta,var_time
0,72057731476881409,,-65.4650269,-49.6303902,-0,-0,-0,0.000624999986,0.00999999978,0,0,0
1,72057731476881409,,54.3356438,28.7364464,0,0,0,0.000624999986,0.00999999978,0,0,0
2,72057731476881409,,35.846077,-75.1975021,0,0,0,0.000624999986,0.00999999978,0,0,0
3,72057868915834881,,-130.585983,-99.2193222,-0,-0,-0,0.000624999986,0.00999999978,0,0,0
4,72057868915834881,,108.226067,57.871479,0,0,0,0.000624999986,0.00999999978,0,0,0
5,72057868915834881,,72.4656372,-150.267883,0,0,0,0.000624999986,0.00999999978,0,0,0
6,72058006354788353,,-195.337555,-149.607101,-0,-0,-0,0.000624999986,0.00999999978,0,0,0
7,72058006354788353,,161.779083,87.8524475,0,0,0,0.000624999986,0.00999999978,0,0,0
