measurement_id,geometry_id,local_key,local0,local1,phi,theta,time,var_local0,var_local1,var_phi,var_theta,var_time
0,72057731476881409,,-15.1898861,18.6883678,0,0,0,0.000624999986,0.00999999978,0,0,0
1,72057868915834881,,-30.7059441,37.2353287,0,0,0,0.000624999986,0.00999999978,0,0,0
2,72058006354788353,,-46.6015663,55.4205551,0,0,0,0.000624999986,0.00999999978,0,0,0
3,72058143793741825,,-62.8570328,73.3429947,0,0,0,0.000624999986,0.00999999978,0,0,0
4,72058281232695297,,-79.5066986,90.9648819,0,0,0,0.000624999986,0.00999999978,0,0,0
5,72058418671648769,,-96.42099,108.136742,0,0,0,0.000624999986,0.00999999978,0,0,0
6,72058556110602241,,-113.705452,124.902885,0,0,0,0.000624999986,0.00999999978,0,0,0
7,72058693549555713,,-131.234619,141.379227,0,0,0,0.000624999986,0.00999999978,0,0,0
8,72058830988509185,,-149.182083,157.576309,0,0,0,0.000624999986,0.00999999978,0,0,0
