measurement_id,geometry_id,local_key,local0,local1,phi,theta,time,var_local0,var_local1,var_phi,var_theta,var_time
0,72057731476881409,,-21.7575607,66.7069626,0,0,0,0.000624999986,0.00999999978,0,0,0
1,72057731476881409,,42.207325,-90.9043198,0,0,0,0.000624999986,0.00999999978,0,0,0
2,72057731476881409,,-58.3698578,-101.017456,-0,-0,-0,0.000624999986,0.00999999978,0,0,0
3,72057868915834881,,-43.961071,133.544098,0,0,0,0.000624999986,0.00999999978,0,0,0
4,72057868915834881,,89.2815018,-179.546204,0,0,0,0.000624999986,0.00999999978,0,0,0
