measurement_id,geometry_id,local_key,local0,local1,phi,theta,time,var_local0,var_local1,var_phi,var_theta,var_time
0,72057731476881409,,-147.543045,-91.936821,-0,-0,-0,0.000624999986,0.00999999978,0,0,0
1,72057731476881409,,-7.95131207,49.4544296,0,0,0,0.000624999986,0.00999999978,0,0,0
2,72057868915834881,,-16.1578159,98.9486465,0,0,0,0.000624999986,0.00999999978,0,0,0
3,72058006354788353,,-24.5423908,148.535538,0,0,0,0.000624999986,0.00999999978,0,0,0
4,72058143793741825,,-33.0656242,197.812775,0,0,0,0.000624999986,0.00999999978,0,0,0
