measurement_id,geometry_id,local_key,local0,local1,phi,theta,time,var_local0,var_local1,var_phi,var_theta,var_time
0,72057731476881409,,-54.1811562,-39.0163116,-0,-0,-0,0.000624999986,0.00999999978,0,0,0
1,72057731476881409,,133.320709,-166.458038,0,0,0,0.000624999986,0.00999999978,0,0,0
2,72057731476881409,,-42.2547455,-135.493851,-0,-0,-0,0.000624999986,0.00999999978,0,0,0
3,72057731476881409,,-77.5389481,-72.6315231,-0,-0,-0,0.000624999986,0.00999999978,0,0,0
4,72057731476881409,,-3.658921,-74.1637878,-0,-0,-0,0.000624999986,0.00999999978,0,0,0
5,72057868915834881,,-108.165543,-77.9465179,-0,-0,-0,0.000624999986,0.00999999978,0,0,0
6,72057868915834881,,-154.077911,-146.029449,-0,-0,-0,0.000624999986,0.00999999978,0,0,0
7,72057868915834881,,-6.79114103,-148.241699,-0,-0,-0,0.000624999986,0.00999999978,0,0,0
8,72058006354788353,,-162.004013,-117.382027,-0,-0,-0,0.000624999986,0.00999999978,0,0,0
