measurement_id,geometry_id,local_key,local0,local1,phi,theta,time,var_local0,var_local1,var_phi,var_theta,var_time
0,72057731476881409,,107.949982,45.4785995,0,0,0,0.000624999986,0.00999999978,0,0,0
1,72057731476881409,,-26.8286686,-49.530983,-0,-0,-0,0.000624999986,0.00999999978,0,0,0
2,72057868915834881,,-53.1406822,-98.8446198,-0,-0,-0,0.000624999986,0.00999999978,0,0,0
3,72058006354788353,,-79.0703583,-148.673477,-0,-0,-0,0.000624999986,0.00999999978,0,0,0
4,72058143793741825,,-104.497238,-199.186203,-0,-0,-0,0.000624999986,0.00999999978,0,0,0
