measurement_id,geometry_id,local_key,local0,local1,phi,theta,time,var_local0,var_local1,var_phi,var_theta,var_time
0,72057731476881409,,-102.727432,-49.1877441,-0,-0,-0,0.000624999986,0.00999999978,0,0,0
1,72057731476881409,,-10.6581621,192.500381,0,0,0,0.000624999986,0.00999999978,0,0,0
