measurement_id,geometry_id,local_key,local0,local1,phi,theta,time,var_local0,var_local1,var_phi,var_theta,var_time
0,72057731476881409,,-31.3142967,17.9501648,0,0,0,0.000624999986,0.00999999978,0,0,0
1,72057731476881409,,-126.526176,-65.0839615,-0,-0,-0,0.000624999986,0.00999999978,0,0,0
2,72057868915834881,,-62.603157,35.5921478,0,0,0,0.000624999986,0.00999999978,0,0,0
3,72058006354788353,,-94.0572815,53.3886642,0,0,0,0.000624999986,0.00999999978,0,0,0
4,72058143793741825,,-125.612183,70.8673019,0,0,0,0.000624999986,0.00999999978,0,0,0
5,72058281232695297,,-157.155701,88.1748199,0,0,0,0.000624999986,0.00999999978,0,0,0
6,72058418671648769,,-188.707382,105.438988,0,0,0,0.000624999986,0.00999999978,0,0,0
