measurement_id,geometry_id,local_key,local0,local1,phi,theta,time,var_local0,var_local1,var_phi,var_theta,var_time
0,72057731476881409,,51.5568962,36.2036209,0,0,0,0.000624999986,0.00999999978,0,0,0
1,72057731476881409,,111.579254,-54.7415695,0,0,0,0.000624999986,0.00999999978,0,0,0
2,72057868915834881,,102.750023,73.0405121,0,0,0,0.000624999986,0.00999999978,0,0,0
3,72058006354788353,,153.552582,110.348106,0,0,0,0.000624999986,0.00999999978,0,0,0
