measurement_id,geometry_id,local_key,local0,local1,phi,theta,time,var_local0,var_local1,var_phi,var_theta,var_time
0,72057731476881409,,-12.7615185,-54.6081009,-0,-0,-0,0.000624999986,0.00999999978,0,0,0
1,72057731476881409,,4.38419962,61.5882607,0,0,0,0.000624999986,0.00999999978,0,0,0
2,72057868915834881,,-25.1397114,-109.280807,-0,-0,-0,0.000624999986,0.00999999978,0,0,0
3,72057868915834881,,7.21797419,123.573303,0,0,0,0.000624999986,0.00999999978,0,0,0
4,72058006354788353,,-37.1135139,-164.168961,-0,-0,-0,0.000624999986,0.00999999978,0,0,0
5,72058006354788353,,8.48549557,185.321609,0,0,0,0.000624999986,0.00999999978,0,0,0
