measurement_id,geometry_id,local_key,local0,local1,phi,theta,time,var_local0,var_local1,var_phi,var_theta,var_time
0,72057731476881409,,65.864418,44.0643311,0,0,0,0.000624999986,0.00999999978,0,0,0
1,72057868915834881,,130.944244,89.3135529,0,0,0,0.000624999986,0.00999999978,0,0,0
2,72058006354788353,,195.326691,135.267517,0,0,0,0.000624999986,0.00999999978,0,0,0
