measurement_id,geometry_id,local_key,local0,local1,phi,theta,time,var_local0,var_local1,var_phi,var_theta,var_time
0,72057731476881409,,41.7735786,-41.2692528,0,0,0,0.000624999986,0.00999999978,0,0,0
1,72057731476881409,,151.731735,130.326447,0,0,0,0.000624999986,0.00999999978,0,0,0
2,72057868915834881,,83.9152985,-82.0889511,0,0,0,0.000624999986,0.00999999978,0,0,0
3,72058006354788353,,126.118401,-122.703178,0,0,0,0.000624999986,0.00999999978,0,0,0
4,72058143793741825,,168.580872,-163.363327,0,0,0,0.000624999986,0.00999999978,0,0,0
