measurement_id,geometry_id,local_key,local0,local1,phi,theta,time,var_local0,var_local1,var_phi,var_theta,var_time
0,72057731476881409,,-43.9869843,81.0895233,0,0,0,0.000624999986,0.00999999978,0,0,0
1,72057731476881409,,-1.42976522,-70.4447937,-0,-0,-0,0.000624999986,0.00999999978,0,0,0
2,72057731476881409,,-51.6131897,3.0444026,0,0,0,0.000624999986,0.00999999978,0,0,0
3,72057868915834881,,-88.6815109,161.484116,0,0,0,0.000624999986,0.00999999978,0,0,0
4,72057868915834881,,-0.403042793,-140.97023,-0,-0,-0,0.000624999986,0.00999999978,0,0,0
5,72057868915834881,,-103.268295,5.69594145,0,0,0,0.000624999986,0.00999999978,0,0,0
6,72058006354788353,,-154.872971,8.42749119,0,0,0,0.000624999986,0.00999999978,0,0,0
