measurement_id,geometry_id,local_key,local0,local1,phi,theta,time,var_local0,var_local1,var_phi,var_theta,var_time
0,72057731476881409,,-98.8962479,-127.467072,-0,-0,-0,0.000624999986,0.00999999978,0,0,0
1,72057731476881409,,-30.0617332,-102.051865,-0,-0,-0,0.000624999986,0.00999999978,0,0,0
2,72057731476881409,,-37.4957657,152.582626,0,0,0,0.000624999986,0.00999999978,0,0,0
3,72057731476881409,,-100.550385,-57.4934845,-0,-0,-0,0.000624999986,0.00999999978,0,0,0
