measurement_id,geometry_id,local_key,local0,local1,phi,theta,time,var_local0,var_local1,var_phi,var_theta,var_time
0,72057731476881409,,10.3616638,-24.5668297,0,0,0,0.000624999986,0.00999999978,0,0,0
1,72057868915834881,,20.7814922,-48.9350967,0,0,0,0.000624999986,0.00999999978,0,0,0
2,72058006354788353,,31.259304,-73.2519608,0,0,0,0.000624999986,0.00999999978,0,0,0
3,72058143793741825,,41.8400879,-97.4908752,0,0,0,0.000624999986,0.00999999978,0,0,0
4,72058281232695297,,52.4866104,-121.97686,0,0,0,0.000624999986,0.00999999978,0,0,0
5,72058418671648769,,63.1847382,-146.163101,0,0,0,0.000624999986,0.00999999978,0,0,0
6,72058556110602241,,73.9763489,-170.44455,0,0,0,0.000624999986,0.00999999978,0,0,0
7,72058693549555713,,84.7744827,-194.77916,0,0,0,0.000624999986,0.00999999978,0,0,0
