measurement_id,geometry_id,local_key,local0,local1,phi,theta,time,var_local0,var_local1,var_phi,var_theta,var_time
0,72057731476881409,,-59.6250305,-60.1995888,-0,-0,-0,0.000624999986,0.00999999978,0,0,0
1,72057731476881409,,-1.44213855,-81.0377426,-0,-0,-0,0.000624999986,0.00999999978,0,0,0
2,72057868915834881,,-118.763115,-120.746803,-0,-0,-0,0.000624999986,0.00999999978,0,0,0
3,72057868915834881,,-1.0339905,-162.417664,-0,-0,-0,0.000624999986,0.00999999978,0,0,0
4,72058006354788353,,-177.256531,-182.12999,-0,-0,-0,0.000624999986,0.00999999978,0,0,0
