measurement_id,geometry_id,local_key,local0,local1,phi,theta,time,var_local0,var_local1,var_phi,var_theta,var_time
0,72057731476881409,,94.7153091,32.3458099,0,0,0,0.000624999986,0.00999999978,0,0,0
1,72057868915834881,,188.439026,67.3673859,0,0,0,0.000624999986,0.00999999978,0,0,0
