measurement_id,geometry_id,local_key,local0,local1,phi,theta,time,var_local0,var_local1,var_phi,var_theta,var_time
0,72057731476881409,,-75.4303131,25.330122,0,0,0,0.000624999986,0.00999999978,0,0,0
1,72057731476881409,,-111.453957,-38.0855484,-0,-0,-0,0.000624999986,0.00999999978,0,0,0
2,72057731476881409,,-31.7403946,34.6440125,0,0,0,0.000624999986,0.00999999978,0,0,0
3,72057868915834881,,-151.016541,50.2839546,0,0,0,0.000624999986,0.00999999978,0,0,0
4,72057868915834881,,-63.5530701,68.9020996,0,0,0,0.000624999986,0.00999999978,0,0,0
5,72058006354788353,,-95.4678879,103.424866,0,0,0,0.000624999986,0.00999999978,0,0,0
6,72058143793741825,,-127.583351,137.78566,0,0,0,0.000624999986,0.00999999978,0,0,0
7,72058281232695297,,-159.758774,171.594772,0,0,0,0.000624999986,0.00999999978,0,0,0
