measurement_id,geometry_id,local_key,local0,local1,phi,theta,time,var_local0,var_local1,var_phi,var_theta,var_time
0,72057731476881409,,-153.714081,80.1442642,0,0,0,0.000624999986,0.00999999978,0,0,0
1,72057731476881409,,-36.0475845,13.2611866,0,0,0,0.000624999986,0.00999999978,0,0,0
2,72057731476881409,,-64.0731125,186.061462,0,0,0,0.000624999986,0.00999999978,0,0,0
3,72057731476881409,,90.4274445,-26.7376518,0,0,0,0.000624999986,0.00999999978,0,0,0
4,72057868915834881,,-72.1672363,26.4492874,0,0,0,0.000624999986,0.00999999978,0,0,0
5,72057868915834881,,181.563004,-51.0639305,0,0,0,0.000624999986,0.00999999978,0,0,0
6,72058006354788353,,-108.289635,39.4159393,0,0,0,0.000624999986,0.00999999978,0,0,0
7,72058143793741825,,-144.470322,52.2484856,0,0,0,0.000624999986,0.00999999978,0,0,0
8,72058281232695297,,-180.718277,65.1001587,0,0,0,0.000624999986,0.00999999978,0,0,0
