measurement_id,geometry_id,local_key,local0,local1,phi,theta,time,var_local0,var_local1,var_phi,var_theta,var_time
0,72057731476881409,,10.4397812,13.5192757,0,0,0,0.000624999986,0.00999999978,0,0,0
1,72057868915834881,,20.815979,27.5683727,0,0,0,0.000624999986,0.00999999978,0,0,0
2,72058006354788353,,31.1871643,41.3916473,0,0,0,0.000624999986,0.00999999978,0,0,0
3,72058143793741825,,41.3919411,55.3090591,0,0,0,0.000624999986,0.00999999978,0,0,0
4,72058281232695297,,51.5085831,69.2923813,0,0,0,0.000624999986,0.00999999978,0,0,0
5,72058418671648769,,61.5687675,83.3945007,0,0,0,0.000624999986,0.00999999978,0,0,0
6,72058556110602241,,71.6044083,97.388176,0,0,0,0.000624999986,0.00999999978,0,0,0
7,72058693549555713,,81.4770126,111.583771,0,0,0,0.000624999986,0.00999999978,0,0,0
8,72058830988509185,,91.2853241,125.854645,0,0,0,0.000624999986,0.00999999978,0,0,0
