measurement_id,geometry_id,local_key,local0,local1,phi,theta,time,var_local0,var_local1,var_phi,var_theta,var_time
0,72057731476881409,,54.6452484,142.820633,0,0,0,0.000624999986,0.00999999978,0,0,0
1,72057731476881409,,42.8138237,-5.62093925,0,0,0,0.000624999986,0.00999999978,0,0,0
2,72057868915834881,,85.7426529,-10.5570345,0,0,0,0.000624999986,0.00999999978,0,0,0
3,72058006354788353,,128.677948,-14.5125561,0,0,0,0.000624999986,0.00999999978,0,0,0
4,72058143793741825,,171.728577,-17.8209095,0,0,0,0.000624999986,0.00999999978,0,0,0
