measurement_id,geometry_id,local_key,local0,local1,phi,theta,time,var_local0,var_local1,var_phi,var_theta,var_time
0,72057731476881409,,-149.464844,109.125954,0,0,0,0.000624999986,0.00999999978,0,0,0
1,72057731476881409,,59.8143234,-106.384605,0,0,0,0.000624999986,0.00999999978,0,0,0
