measurement_id,geometry_id,local_key,local0,local1,phi,theta,time,var_local0,var_local1,var_phi,var_theta,var_time
0,72057731476881409,,139.912842,177.641815,0,0,0,0.000624999986,0.00999999978,0,0,0
1,72057731476881409,,-19.0020638,-40.5170097,-0,-0,-0,0.000624999986,0.00999999978,0,0,0
2,72057731476881409,,112.606743,-19.1014977,0,0,0,0.000624999986,0.00999999978,0,0,0
3,72057868915834881,,-37.545681,-81.360054,-0,-0,-0,0.000624999986,0.00999999978,0,0,0
4,72058006354788353,,-55.5080948,-122.250854,-0,-0,-0,0.000624999986,0.00999999978,0,0,0
5,72058143793741825,,-73.0885239,-163.279602,-0,-0,-0,0.000624999986,0.00999999978,0,0,0
