measurement_id,geometry_id,local_key,local0,local1,phi,theta,time,var_local0,var_local1,var_phi,var_theta,var_time
0,72057731476881409,,0.300936699,-43.9232254,0,0,0,0.000624999986,0.00999999978,0,0,0
1,72057731476881409,,-74.191597,-31.7425003,-0,-0,-0,0.000624999986,0.00999999978,0,0,0
2,72057731476881409,,-172.7939,-15.2878923,-0,-0,-0,0.000624999986,0.00999999978,0,0,0
3,72057731476881409,,-67.9427567,50.5369987,0,0,0,0.000624999986,0.00999999978,0,0,0
4,72057868915834881,,0.996834755,-87.8169861,0,0,0,0.000624999986,0.00999999978,0,0,0
5,72057868915834881,,-147.083298,-65.986824,-0,-0,-0,0.000624999986,0.00999999978,0,0,0
6,72057868915834881,,-136.387558,100.09037,0,0,0,0.000624999986,0.00999999978,0,0,0
7,72058006354788353,,1.93706954,-131.487869,0,0,0,0.000624999986,0.00999999978,0,0,0
8,72058143793741825,,3.32071567,-175.467575,0,0,0,0.000624999986,0.00999999978,0,0,0
