measurement_id,geometry_id,local_key,local0,local1,phi,theta,time,var_local0,var_local1,var_phi,var_theta,var_time
0,72057731476881409,,59.6081886,-98.0733032,0,0,0,0.000624999986,0.00999999978,0,0,0
1,72057731476881409,,-180.897263,8.07061005,0,0,0,0.000624999986,0.00999999978,0,0,0
2,72057868915834881,,120.078278,-195.374802,0,0,0,0.000624999986,0.00999999978,0,0,0
