measurement_id,geometry_id,local_key,local0,local1,phi,theta,time,var_local0,var_local1,var_phi,var_theta,var_time
0,72057731476881409,,-56.4912758,5.20182753,0,0,0,0.000624999986,0.00999999978,0,0,0
1,72057731476881409,,-42.6197739,-21.3433876,-0,-0,-0,0.000624999986,0.00999999978,0,0,0
2,72057868915834881,,-113.004868,9.91187191,0,0,0,0.000624999986,0.00999999978,0,0,0
3,72057868915834881,,-85.0460739,-42.8246765,-0,-0,-0,0.000624999986,0.00999999978,0,0,0
4,72058006354788353,,-169.595734,14.3027964,0,0,0,0.000624999986,0.00999999978,0,0,0
5,72058006354788353,,-127.350311,-64.636528,-0,-0,-0,0.000624999986,0.00999999978,0,0,0
6,72058143793741825,,-169.52594,-86.9492569,-0,-0,-0,0.000624999986,0.00999999978,0,0,0
