measurement_id,geometry_id,local_key,local0,local1,phi,theta,time,var_local0,var_local1,var_phi,var_theta,var_time
0,72057731476881409,,89.8305435,-2.38872123,0,0,0,0.000624999986,0.00999999978,0,0,0
1,72057731476881409,,10.9982319,-111.113609,0,0,0,0.000624999986,0.00999999978,0,0,0
2,72057868915834881,,179.635254,-4.38347244,0,0,0,0.000624999986,0.00999999978,0,0,0
