measurement_id,geometry_id,local_key,local0,local1,phi,theta,time,var_local0,var_local1,var_phi,var_theta,var_time
0,72057731476881409,,-40.2108727,16.3996277,0,0,0,0.000624999986,0.00999999978,0,0,0
1,72057731476881409,,9.21396446,-81.8088531,0,0,0,0.000624999986,0.00999999978,0,0,0
2,72057868915834881,,-80.6242371,32.3016281,0,0,0,0.000624999986,0.00999999978,0,0,0
3,72057868915834881,,18.9990406,-163.608658,0,0,0,0.000624999986,0.00999999978,0,0,0
4,72058006354788353,,-121.195023,47.5092316,0,0,0,0.000624999986,0.00999999978,0,0,0
5,72058143793741825,,-161.972626,62.4061699,0,0,0,0.000624999986,0.00999999978,0,0,0
