measurement_id,geometry_id,local_key,local0,local1,phi,theta,time,var_local0,var_local1,var_phi,var_theta,var_time
0,72057731476881409,,-136.732422,2.8083396,0,0,0,0.000624999986,0.00999999978,0,0,0
1,72057731476881409,,29.4365692,-92.5022812,0,0,0,0.000624999986,0.00999999978,0,0,0
2,72057731476881409,,14.1455278,-57.0964203,0,0,0,0.000624999986,0.00999999978,0,0,0
3,72057868915834881,,59.5196419,-184.479019,0,0,0,0.000624999986,0.00999999978,0,0,0
4,72057868915834881,,28.8215656,-114.16523,0,0,0,0.000624999986,0.00999999978,0,0,0
5,72058006354788353,,43.8288422,-170.814896,0,0,0,0.000624999986,0.00999999978,0,0,0
