measurement_id,geometry_id,local_key,local0,local1,phi,theta,time,var_local0,var_local1,var_phi,var_theta,var_time
0,72057731476881409,,35.6198769,31.9078045,0,0,0,0.000624999986,0.00999999978,0,0,0
1,72057731476881409,,122.368141,154.398254,0,0,0,0.000624999986,0.00999999978,0,0,0
2,72057731476881409,,-125.574791,74.3240204,0,0,0,0.000624999986,0.00999999978,0,0,0
3,72057868915834881,,70.7340698,64.8478851,0,0,0,0.000624999986,0.00999999978,0,0,0
4,72058006354788353,,105.315971,97.9562607,0,0,0,0.000624999986,0.00999999978,0,0,0
5,72058143793741825,,139.391327,131.572922,0,0,0,0.000624999986,0.00999999978,0,0,0
6,72058281232695297,,172.992447,165.686142,0,0,0,0.000624999986,0.00999999978,0,0,0
