measurement_id,geometry_id,local_key,local0,local1,phi,theta,time,var_local0,var_local1,var_phi,var_theta,var_time
0,72057731476881409,,3.55718994,-9.04108047,0,0,0,0.000624999986,0.00999999978,0,0,0
1,72057868915834881,,7.27187824,-18.0732613,0,0,0,0.000624999986,0.00999999978,0,0,0
2,72058006354788353,,10.9523287,-26.8973656,0,0,0,0.000624999986,0.00999999978,0,0,0
3,72058143793741825,,14.5840712,-35.9472008,0,0,0,0.000624999986,0.00999999978,0,0,0
4,72058281232695297,,18.2905712,-44.91642,0,0,0,0.000624999986,0.00999999978,0,0,0
5,72058418671648769,,22.055769,-53.6709595,0,0,0,0.000624999986,0.00999999978,0,0,0
6,72058556110602241,,25.7996025,-62.7936935,0,0,0,0.000624999986,0.00999999978,0,0,0
7,72058693549555713,,29.494566,-71.6406479,0,0,0,0.000624999986,0.00999999978,0,0,0
8,72058830988509185,,33.3452492,-80.3981705,0,0,0,0.000624999986,0.00999999978,0,0,0
