measurement_id,geometry_id,local_key,local0,local1,phi,theta,time,var_local0,var_local1,var_phi,var_theta,var_time
0,72057731476881409,,-47.4878044,-23.2809696,-0,-0,-0,0.000624999986,0.00999999978,0,0,0
1,72057731476881409,,24.1472301,103.842484,0,0,0,0.000624999986,0.00999999978,0,0,0
2,72057868915834881,,-94.870842,-47.3051949,-0,-0,-0,0.000624999986,0.00999999978,0,0,0
3,72058006354788353,,-142.130554,-71.2102661,-0,-0,-0,0.000624999986,0.00999999978,0,0,0
4,72058143793741825,,-189.367691,-95.2290878,-0,-0,-0,0.000624999986,0.00999999978,0,0,0
