measurement_id,geometry_id,local_key,local0,local1,phi,theta,time,var_local0,var_local1,var_phi,var_theta,var_time
0,72057731476881409,,-14.5824671,-23.399601,-0,-0,-0,0.000624999986,0.00999999978,0,0,0
1,72057868915834881,,-29.1376019,-46.9827461,-0,-0,-0,0.000624999986,0.00999999978,0,0,0
2,72058006354788353,,-43.5691032,-70.446373,-0,-0,-0,0.000624999986,0.00999999978,0,0,0
3,72058143793741825,,-57.9426193,-93.8817902,-0,-0,-0,0.000624999986,0.00999999978,0,0,0
4,72058281232695297,,-72.3606567,-117.467949,-0,-0,-0,0.000624999986,0.00999999978,0,0,0
5,72058418671648769,,-86.5086441,-141.119049,-0,-0,-0,0.000624999986,0.00999999978,0,0,0
6,72058556110602241,,-100.694412,-164.632462,-0,-0,-0,0.000624999986,0.00999999978,0,0,0
7,72058693549555713,,-114.801086,-188.443542,-0,-0,-0,0.000624999986,0.00999999978,0,0,0
