measurement_id,geometry_id,local_key,local0,local1,phi,theta,time,var_local0,var_local1,var_phi,var_theta,var_time
0,72057731476881409,,46.4582405,70.2129211,0,0,0,0.000624999986,0.00999999978,0,0,0
1,72057731476881409,,5.69536781,-100.558449,0,0,0,0.000624999986,0.00999999978,0,0,0
2,72057731476881409,,-80.4455872,102.361992,0,0,0,0.000624999986,0.00999999978,0,0,0
3,72057731476881409,,-4.46309948,-44.2715187,-0,-0,-0,0.000624999986,0.00999999978,0,0,0
4,72057868915834881,,91.8784714,141.031616,0,0,0,0.000624999986,0.00999999978,0,0,0
5,72057868915834881,,-8.5857935,-88.4339752,-0,-0,-0,0.000624999986,0.00999999978,0,0,0
6,72058006354788353,,-12.4178133,-132.872162,-0,-0,-0,0.000624999986,0.00999999978,0,0,0
7,72058143793741825,,-15.888401,-177.077759,-0,-0,-0,0.000624999986,0.00999999978,0,0,0
