measurement_id,geometry_id,local_key,local0,local1,phi,theta,time,var_local0,var_local1,var_phi,var_theta,var_time
0,72057731476881409,,28.1679668,94.8942108,0,0,0,0.000624999986,0.00999999978,0,0,0
1,72057731476881409,,18.6122513,-39.0465164,0,0,0,0.000624999986,0.00999999978,0,0,0
2,72057868915834881,,55.2934303,190.17572,0,0,0,0.000624999986,0.00999999978,0,0,0
3,72057868915834881,,37.3718987,-78.5559769,0,0,0,0.000624999986,0.00999999978,0,0,0
4,72058006354788353,,56.4437218,-117.435898,0,0,0,0.000624999986,0.00999999978,0,0,0
5,72058143793741825,,75.6746292,-156.458771,0,0,0,0.000624999986,0.00999999978,0,0,0
6,72058281232695297,,95.1070328,-195.227051,0,0,0,0.000624999986,0.00999999978,0,0,0
