measurement_id,geometry_id,local_key,local0,local1,phi,theta,time,var_local0,var_local1,var_phi,var_theta,var_time
0,72057731476881409,,56.7370911,-1.62912393,0,0,0,0.000624999986,0.00999999978,0,0,0
1,72057731476881409,,6.56637478,112.529037,0,0,0,0.000624999986,0.00999999978,0,0,0
2,72057731476881409,,-74.3735886,-28.8762741,-0,-0,-0,0.000624999986,0.00999999978,0,0,0
3,72057868915834881,,113.420662,-2.83845353,0,0,0,0.000624999986,0.00999999978,0,0,0
4,72057868915834881,,-148.544678,-58.3084488,-0,-0,-0,0.000624999986,0.00999999978,0,0,0
5,72058006354788353,,170.16362,-3.08095884,0,0,0,0.000624999986,0.00999999978,0,0,0
