measurement_id,geometry_id,local_key,local0,local1,phi,theta,time,var_local0,var_local1,var_phi,var_theta,var_time
0,72057731476881409,,-108.341194,-74.6258392,-0,-0,-0,0.000624999986,0.00999999978,0,0,0
1,72057731476881409,,-39.3753738,-6.03330278,-0,-0,-0,0.000624999986,0.00999999978,0,0,0
2,72057868915834881,,-78.7021637,-12.332859,-0,-0,-0,0.000624999986,0.00999999978,0,0,0
3,72058006354788353,,-117.956512,-19.7115345,-0,-0,-0,0.000624999986,0.00999999978,0,0,0
4,72058143793741825,,-157.047012,-27.4090672,-0,-0,-0,0.000624999986,0.00999999978,0,0,0
5,72058281232695297,,-196.06514,-35.6780663,-0,-0,-0,0.000624999986,0.00999999978,0,0,0
