measurement_id,geometry_id,local_key,local0,local1,phi,theta,time,var_local0,var_local1,var_phi,var_theta,var_time
0,72057731476881409,,-115.696281,-11.5143061,-0,-0,-0,0.000624999986,0.00999999978,0,0,0
1,72057731476881409,,-28.4239655,40.3944244,0,0,0,0.000624999986,0.00999999978,0,0,0
2,72057731476881409,,-21.4223824,64.6977539,0,0,0,0.000624999986,0.00999999978,0,0,0
3,72057868915834881,,-57.1572037,80.3105621,0,0,0,0.000624999986,0.00999999978,0,0,0
4,72057868915834881,,-43.5602798,129.366653,0,0,0,0.000624999986,0.00999999978,0,0,0
5,72058006354788353,,-86.1182861,119.836853,0,0,0,0.000624999986,0.00999999978,0,0,0
6,72058006354788353,,-66.3557968,193.610886,0,0,0,0.000624999986,0.00999999978,0,0,0
7,72058143793741825,,-115.284706,159.745911,0,0,0,0.000624999986,0.00999999978,0,0,0
