measurement_id,geometry_id,local_key,local0,local1,phi,theta,time,var_local0,var_local1,var_phi,var_theta,var_time
0,72057731476881409,,24.4036846,-114.804039,0,0,0,0.000624999986,0.00999999978,0,0,0
1,72057731476881409,,36.2256851,1.71183002,0,0,0,0.000624999986,0.00999999978,0,0,0
2,72057868915834881,,72.4869995,3.72376108,0,0,0,0.000624999986,0.00999999978,0,0,0
3,72058006354788353,,108.6754,5.70747471,0,0,0,0.000624999986,0.00999999978,0,0,0
4,72058143793741825,,144.890503,7.81997919,0,0,0,0.000624999986,0.00999999978,0,0,0
5,72058281232695297,,181.129807,9.86332607,0,0,0,0.000624999986,0.00999999978,0,0,0
