measurement_id,geometry_id,local_key,local0,local1,phi,theta,time,var_local0,var_local1,var_phi,var_theta,var_time
0,72057731476881409,,-167.840714,-4.42114019,-0,-0,-0,0.000624999986,0.00999999978,0,0,0
1,72057731476881409,,-49.4148369,-42.3101959,-0,-0,-0,0.000624999986,0.00999999978,0,0,0
2,72057868915834881,,-98.5904236,-84.8617249,-0,-0,-0,0.000624999986,0.00999999978,0,0,0
3,72058006354788353,,-147.592911,-127.417679,-0,-0,-0,0.000624999986,0.00999999978,0,0,0
4,72058143793741825,,-196.335007,-170.594208,-0,-0,-0,0.000624999986,0.00999999978,0,0,0
