measurement_id,geometry_id,local_key,local0,local1,phi,theta,time,var_local0,var_local1,var_phi,var_theta,var_time
0,72057731476881409,,-63.8485107,46.5819435,0,0,0,0.000624999986,0.00999999978,0,0,0
1,72057731476881409,,-49.4181175,10.0818386,0,0,0,0.000624999986,0.00999999978,0,0,0
2,72057731476881409,,-154.87706,-131.652924,-0,-0,-0,0.000624999986,0.00999999978,0,0,0
3,72057868915834881,,-128.811737,91.887825,0,0,0,0.000624999986,0.00999999978,0,0,0
4,72057868915834881,,-98.9294357,19.1742325,0,0,0,0.000624999986,0.00999999978,0,0,0
5,72058006354788353,,-194.782379,135.347183,0,0,0,0.000624999986,0.00999999978,0,0,0
6,72058006354788353,,-148.56279,28.3168297,0,0,0,0.000624999986,0.00999999978,0,0,0
7,72058143793741825,,-198.254364,36.7447777,0,0,0,0.000624999986,0.00999999978,0,0,0
