measurement_id,geometry_id,local_key,local0,local1,phi,theta,time,var_local0,var_local1,var_phi,var_theta,var_time
0,72057731476881409,,37.2602921,24.8849144,0,0,0,0.000624999986,0.00999999978,0,0,0
1,72057868915834881,,74.34935,49.966362,0,0,0,0.000624999986,0.00999999978,0,0,0
2,72058006354788353,,111.246155,75.47258,0,0,0,0.000624999986,0.00999999978,0,0,0
3,72058143793741825,,148.06424,101.183533,0,0,0,0.000624999986,0.00999999978,0,0,0
4,72058281232695297,,184.671936,127.001266,0,0,0,0.000624999986,0.00999999978,0,0,0
