measurement_id,geometry_id,local_key,local0,local1,phi,theta,time,var_local0,var_local1,var_phi,var_theta,var_time
0,72057731476881409,,16.1647072,42.2997169,0,0,0,0.000624999986,0.00999999978,0,0,0
1,72057731476881409,,86.9354935,-80.0746536,0,0,0,0.000624999986,0.00999999978,0,0,0
2,72057731476881409,,131.935699,-176.347519,0,0,0,0.000624999986,0.00999999978,0,0,0
3,72057868915834881,,32.136261,84.685379,0,0,0,0.000624999986,0.00999999978,0,0,0
4,72057868915834881,,174.520401,-159.535492,0,0,0,0.000624999986,0.00999999978,0,0,0
5,72058006354788353,,48.0266342,127.165672,0,0,0,0.000624999986,0.00999999978,0,0,0
6,72058143793741825,,63.6637268,169.608261,0,0,0,0.000624999986,0.00999999978,0,0,0
