measurement_id,geometry_id,local_key,local0,local1,phi,theta,time,var_local0,var_local1,var_phi,var_theta,var_time
0,72057731476881409,,107.086472,-24.4215183,0,0,0,0.000624999986,0.00999999978,0,0,0
1,72057731476881409,,-98.193367,33.0497856,0,0,0,0.000624999986,0.00999999978,0,0,0
2,72057731476881409,,-114.263222,43.7904701,0,0,0,0.000624999986,0.00999999978,0,0,0
3,72057731476881409,,58.2279778,114.156616,0,0,0,0.000624999986,0.00999999978,0,0,0
4,72057731476881409,,2.87513828,-56.7429428,0,0,0,0.000624999986,0.00999999978,0,0,0
5,72057868915834881,,-196.654449,65.1106949,0,0,0,0.000624999986,0.00999999978,0,0,0
6,72057868915834881,,6.19688129,-113.673203,0,0,0,0.000624999986,0.00999999978,0,0,0
7,72058006354788353,,9.98165321,-170.44519,0,0,0,0.000624999986,0.00999999978,0,0,0
