measurement_id,geometry_id,local_key,local0,local1,phi,theta,time,var_local0,var_local1,var_phi,var_theta,var_time
0,72057731476881409,,-95.5083084,121.311172,0,0,0,0.000624999986,0.00999999978,0,0,0
1,72057731476881409,,159.558334,-35.7677536,0,0,0,0.000624999986,0.00999999978,0,0,0
2,72057731476881409,,-116.601341,-97.8080597,-0,-0,-0,0.000624999986,0.00999999978,0,0,0
3,72057731476881409,,63.2459793,39.783638,0,0,0,0.000624999986,0.00999999978,0,0,0
4,72057731476881409,,-94.6878128,74.166214,0,0,0,0.000624999986,0.00999999978,0,0,0
5,72057868915834881,,126.13121,80.4473801,0,0,0,0.000624999986,0.00999999978,0,0,0
6,72057868915834881,,-190.841965,146.0896,0,0,0,0.000624999986,0.00999999978,0,0,0
7,72058006354788353,,188.851807,121.199249,0,0,0,0.000624999986,0.00999999978,0,0,0
