measurement_id,geometry_id,local_key,local0,local1,phi,theta,time,var_local0,var_local1,var_phi,var_theta,var_time
0,72057731476881409,,-18.0130501,43.2370987,0,0,0,0.000624999986,0.00999999978,0,0,0
1,72057731476881409,,-7.72055674,-42.3215561,-0,-0,-0,0.000624999986,0.00999999978,0,0,0
2,72057868915834881,,-36.2719498,86.4269333,0,0,0,0.000624999986,0.00999999978,0,0,0
3,72057868915834881,,-14.60495,-84.8186188,-0,-0,-0,0.000624999986,0.00999999978,0,0,0
4,72058006354788353,,-54.6117668,129.489197,0,0,0,0.000624999986,0.00999999978,0,0,0
5,72058006354788353,,-20.7079678,-127.18222,-0,-0,-0,0.000624999986,0.00999999978,0,0,0
6,72058143793741825,,-73.1903,172.632492,0,0,0,0.000624999986,0.00999999978,0,0,0
7,72058143793741825,,-25.9970646,-170.216324,-0,-0,-0,0.000624999986,0.00999999978,0,0,0
