measurement_id,geometry_id,local_key,local0,local1,phi,theta,time,var_local0,var_local1,var_phi,var_theta,var_time
0,72057731476881409,,-19.3357506,-95.4307404,-0,-0,-0,0.000624999986,0.00999999978,0,0,0
1,72057731476881409,,105.296661,-26.0508461,0,0,0,0.000624999986,0.00999999978,0,0,0
2,72057731476881409,,1.39179444,38.3406372,0,0,0,0.000624999986,0.00999999978,0,0,0
3,72057868915834881,,-37.6255569,-190.81395,-0,-0,-0,0.000624999986,0.00999999978,0,0,0
4,72057868915834881,,2.70982385,76.903656,0,0,0,0.000624999986,0.00999999978,0,0,0
5,72058006354788353,,3.92198968,115.211777,0,0,0,0.000624999986,0.00999999978,0,0,0
6,72058143793741825,,4.94667578,153.611923,0,0,0,0.000624999986,0.00999999978,0,0,0
7,72058281232695297,,5.8692584,192.202576,0,0,0,0.000624999986,0.00999999978,0,0,0
