measurement_id,geometry_id,local_key,local0,local1,phi,theta,time,var_local0,var_local1,var_phi,var_theta,var_time
0,72057731476881409,,26.2781715,-33.6246567,0,0,0,0.000624999986,0.00999999978,0,0,0
1,72057731476881409,,15.0874796,50.289978,0,0,0,0.000624999986,0.00999999978,0,0,0
2,72057868915834881,,53.0445862,-66.8451233,0,0,0,0.000624999986,0.00999999978,0,0,0
3,72057868915834881,,29.4291191,101.084702,0,0,0,0.000624999986,0.00999999978,0,0,0
4,72058006354788353,,80.1025696,-99.6838608,0,0,0,0.000624999986,0.00999999978,0,0,0
5,72058006354788353,,42.9670258,151.883316,0,0,0,0.000624999986,0.00999999978,0,0,0
6,72058143793741825,,107.673271,-132.319412,0,0,0,0.000624999986,0.00999999978,0,0,0
7,72058281232695297,,135.596451,-164.637466,0,0,0,0.000624999986,0.00999999978,0,0,0
