measurement_id,geometry_id,local_key,local0,local1,phi,theta,time,var_local0,var_local1,var_phi,var_theta,var_time
0,72057731476881409,,-116.075737,-1.21410453,-0,-0,-0,0.000624999986,0.00999999978,0,0,0
1,72057731476881409,,-197.859756,47.0524597,0,0,0,0.000624999986,0.00999999978,0,0,0
2,72057731476881409,,-55.1256981,-27.5637226,-0,-0,-0,0.000624999986,0.00999999978,0,0,0
3,72057868915834881,,-110.077011,-55.5404968,-0,-0,-0,0.000624999986,0.00999999978,0,0,0
4,72058006354788353,,-164.857361,-83.8639145,-0,-0,-0,0.000624999986,0.00999999978,0,0,0
