measurement_id,geometry_id,local_key,local0,local1,phi,theta,time,var_local0,var_local1,var_phi,var_theta,var_time
0,72057731476881409,,-6.44199896,-60.8580894,-0,-0,-0,0.000624999986,0.00999999978,0,0,0
1,72057731476881409,,-10.3135252,-93.0314102,-0,-0,-0,0.000624999986,0.00999999978,0,0,0
2,72057731476881409,,-81.1309662,108.701614,0,0,0,0.000624999986,0.00999999978,0,0,0
3,72057731476881409,,57.568985,-34.522049,0,0,0,0.000624999986,0.00999999978,0,0,0
4,72057868915834881,,-12.3006573,-121.829338,-0,-0,-0,0.000624999986,0.00999999978,0,0,0
5,72057868915834881,,-18.5035477,-185.787262,-0,-0,-0,0.000624999986,0.00999999978,0,0,0
6,72057868915834881,,115.502136,-68.4684219,0,0,0,0.000624999986,0.00999999978,0,0,0
7,72058006354788353,,-17.4713078,-182.867371,-0,-0,-0,0.000624999986,0.00999999978,0,0,0
8,72058006354788353,,173.567917,-101.987991,0,0,0,0.000624999986,0.00999999978,0,0,0
