measurement_id,geometry_id,local_key,local0,local1,phi,theta,time,var_local0,var_local1,var_phi,var_theta,var_time
0,72057731476881409,,-11.7170115,-19.0357285,-0,-0,-0,0.000624999986,0.00999999978,0,0,0
1,72057868915834881,,-23.1469612,-38.0945549,-0,-0,-0,0.000624999986,0.00999999978,0,0,0
2,72058006354788353,,-34.1687241,-58.0439491,-0,-0,-0,0.000624999986,0.00999999978,0,0,0
3,72058143793741825,,-44.9453278,-77.5128937,-0,-0,-0,0.000624999986,0.00999999978,0,0,0
4,72058281232695297,,-55.2901611,-97.4021378,-0,-0,-0,0.000624999986,0.00999999978,0,0,0
5,72058418671648769,,-65.2826004,-117.193939,-0,-0,-0,0.000624999986,0.00999999978,0,0,0
6,72058556110602241,,-74.9358521,-137.628632,-0,-0,-0,0.000624999986,0.00999999978,0,0,0
7,72058693549555713,,-84.3135834,-157.97789,-0,-0,-0,0.000624999986,0.00999999978,0,0,0
8,72058830988509185,,-93.2133942,-178.392426,-0,-0,-0,0.000624999986,0.00999999978,0,0,0
