measurement_id,geometry_id,local_key,local0,local1,phi,theta,time,var_local0,var_local1,var_phi,var_theta,var_time
0,72057731476881409,,59.6094208,11.6611662,0,0,0,0.000624999986,0.00999999978,0,0,0
1,72057868915834881,,119.108688,23.4087143,0,0,0,0.000624999986,0.00999999978,0,0,0
2,72058006354788353,,178.509109,36.1591148,0,0,0,0.000624999986,0.00999999978,0,0,0
