measurement_id,geometry_id,local_key,local0,local1,phi,theta,time,var_local0,var_local1,var_phi,var_theta,var_time
0,72057731476881409,,-43.6009789,60.3033562,0,0,0,0.000624999986,0.00999999978,0,0,0
1,72057731476881409,,36.2123032,-195.205017,0,0,0,0.000624999986,0.00999999978,0,0,0
2,72057731476881409,,-44.3199196,-65.9616852,-0,-0,-0,0.000624999986,0.00999999978,0,0,0
3,72057868915834881,,-87.684082,120.016487,0,0,0,0.000624999986,0.00999999978,0,0,0
4,72057868915834881,,-88.3590698,-131.874359,-0,-0,-0,0.000624999986,0.00999999978,0,0,0
5,72058006354788353,,-132.1418,179.64743,0,0,0,0.000624999986,0.00999999978,0,0,0
6,72058006354788353,,-131.961502,-198.361252,-0,-0,-0,0.000624999986,0.00999999978,0,0,0
