measurement_id,geometry_id,local_key,local0,local1,phi,theta,time,var_local0,var_local1,var_phi,var_theta,var_time
0,72057731476881409,,-3.56168938,15.7570314,0,0,0,0.000624999986,0.00999999978,0,0,0
1,72057868915834881,,-7.24235201,31.3150463,0,0,0,0.000624999986,0.00999999978,0,0,0
2,72058006354788353,,-11.0039043,47.028244,0,0,0,0.000624999986,0.00999999978,0,0,0
3,72058143793741825,,-14.7280025,62.6190605,0,0,0,0.000624999986,0.00999999978,0,0,0
4,72058281232695297,,-18.5380955,78.2378082,0,0,0,0.000624999986,0.00999999978,0,0,0
5,72058418671648769,,-22.4424438,93.8509369,0,0,0,0.000624999986,0.00999999978,0,0,0
6,72058556110602241,,-26.3652096,109.337814,0,0,0,0.000624999986,0.00999999978,0,0,0
7,72058693549555713,,-30.3141651,125.002586,0,0,0,0.000624999986,0.00999999978,0,0,0
8,72058830988509185,,-34.3547707,140.42276,0,0,0,0.000624999986,0.00999999978,0,0,0
