measurement_id,geometry_id,local_key,local0,local1,phi,theta,time,var_local0,var_local1,var_phi,var_theta,var_time
0,72057731476881409,,-55.130146,-24.7256012,-0,-0,-0,0.000624999986,0.00999999978,0,0,0
1,72057731476881409,,33.3489304,43.6503601,0,0,0,0.000624999986,0.00999999978,0,0,0
2,72057868915834881,,-110.056145,-49.7691307,-0,-0,-0,0.000624999986,0.00999999978,0,0,0
3,72057868915834881,,66.4673996,87.9130478,0,0,0,0.000624999986,0.00999999978,0,0,0
4,72058006354788353,,-164.848282,-75.114975,-0,-0,-0,0.000624999986,0.00999999978,0,0,0
5,72058006354788353,,99.2861328,132.081985,0,0,0,0.000624999986,0.00999999978,0,0,0
6,72058143793741825,,131.774765,176.552841,0,0,0,0.000624999986,0.00999999978,0,0,0
