measurement_id,geometry_id,local_key,local0,local1,phi,theta,time,var_local0,var_local1,var_phi,var_theta,var_time
0,72057731476881409,,4.08405304,51.3017159,0,0,0,0.000624999986,0.00999999978,0,0,0
1,72057731476881409,,-9.59331703,139.730942,0,0,0,0.000624999986,0.00999999978,0,0,0
2,72057868915834881,,6.86175823,102.321793,0,0,0,0.000624999986,0.00999999978,0,0,0
3,72058006354788353,,8.35760403,153.700394,0,0,0,0.000624999986,0.00999999978,0,0,0
