measurement_id,geometry_id,local_key,local0,local1,phi,theta,time,var_local0,var_local1,var_phi,var_theta,var_time
0,72057731476881409,,-30.3918343,54.5411339,0,0,0,0.000624999986,0.00999999978,0,0,0
1,72057731476881409,,124.90329,-8.81054401,0,0,0,0.000624999986,0.00999999978,0,0,0
2,72057868915834881,,-62.3999481,108.113312,0,0,0,0.000624999986,0.00999999978,0,0,0
3,72058006354788353,,-95.9763107,160.667145,0,0,0,0.000624999986,0.00999999978,0,0,0
