measurement_id,geometry_id,local_key,local0,local1,phi,theta,time,var_local0,var_local1,var_phi,var_theta,var_time
0,72057731476881409,,18.5138569,-6.5991087,0,0,0,0.000624999986,0.00999999978,0,0,0
1,72057868915834881,,37.2284966,-12.9787731,0,0,0,0.000624999986,0.00999999978,0,0,0
2,72058006354788353,,55.9113693,-19.2809315,0,0,0,0.000624999986,0.00999999978,0,0,0
3,72058143793741825,,74.6898117,-25.3038826,0,0,0,0.000624999986,0.00999999978,0,0,0
4,72058281232695297,,93.5158997,-31.0354652,0,0,0,0.000624999986,0.00999999978,0,0,0
5,72058418671648769,,112.458855,-36.6466522,0,0,0,0.000624999986,0.00999999978,0,0,0
6,72058556110602241,,131.407501,-42.2399139,0,0,0,0.000624999986,0.00999999978,0,0,0
7,72058693549555713,,150.436295,-47.1562958,0,0,0,0.000624999986,0.00999999978,0,0,0
8,72058830988509185,,169.521942,-52.2386131,0,0,0,0.000624999986,0.00999999978,0,0,0
