measurement_id,geometry_id,local_key,local0,local1,phi,theta,time,var_local0,var_local1,var_phi,var_theta,var_time
0,72057731476881409,,-28.0432148,-6.90006542,-0,-0,-0,0.000624999986,0.00999999978,0,0,0
1,72057731476881409,,96.5657349,22.6033039,0,0,0,0.000624999986,0.00999999978,0,0,0
2,72057868915834881,,-56.021534,-13.8532763,-0,-0,-0,0.000624999986,0.00999999978,0,0,0
3,72057868915834881,,192.766983,46.5209389,0,0,0,0.000624999986,0.00999999978,0,0,0
4,72058006354788353,,-84.00177,-21.0342159,-0,-0,-0,0.000624999986,0.00999999978,0,0,0
5,72058143793741825,,-111.97168,-28.3985023,-0,-0,-0,0.000624999986,0.00999999978,0,0,0
6,72058281232695297,,-139.826736,-35.6923866,-0,-0,-0,0.000624999986,0.00999999978,0,0,0
7,72058418671648769,,-167.643433,-43.3347893,-0,-0,-0,0.000624999986,0.00999999978,0,0,0
8,72058556110602241,,-195.408249,-51.241642,-0,-0,-0,0.000624999986,0.00999999978,0,0,0
