measurement_id,geometry_id,local_key,local0,local1,phi,theta,time,var_local0,var_local1,var_phi,var_theta,var_time
0,72057731476881409,,-52.9870872,60.494278,0,0,0,0.000624999986,0.00999999978,0,0,0
1,72057731476881409,,62.3182411,-37.5181618,0,0,0,0.000624999986,0.00999999978,0,0,0
2,72057731476881409,,-30.0262527,63.9790993,0,0,0,0.000624999986,0.00999999978,0,0,0
3,72057868915834881,,-106.821541,119.841942,0,0,0,0.000624999986,0.00999999978,0,0,0
4,72057868915834881,,125.096878,-74.1598816,0,0,0,0.000624999986,0.00999999978,0,0,0
5,72057868915834881,,-60.6138725,127.617111,0,0,0,0.000624999986,0.00999999978,0,0,0
6,72058006354788353,,-161.624374,178.50676,0,0,0,0.000624999986,0.00999999978,0,0,0
7,72058006354788353,,188.258301,-110.328941,0,0,0,0.000624999986,0.00999999978,0,0,0
8,72058006354788353,,-91.5743866,191.347168,0,0,0,0.000624999986,0.00999999978,0,0,0
