measurement_id,geometry_id,local_key,local0,local1,phi,theta,time,var_local0,var_local1,var_phi,var_theta,var_time
0,72057731476881409,,-64.1095963,-15.8190479,-0,-0,-0,0.000624999986,0.00999999978,0,0,0
1,72057868915834881,,-128.131577,-31.9736824,-0,-0,-0,0.000624999986,0.00999999978,0,0,0
2,72058006354788353,,-191.921555,-48.7320862,-0,-0,-0,0.000624999986,0.00999999978,0,0,0
