measurement_id,geometry_id,local_key,local0,local1,phi,theta,time,var_local0,var_local1,var_phi,var_theta,var_time
0,72057731476881409,,-72.7374573,-84.0714188,-0,-0,-0,0.000624999986,0.00999999978,0,0,0
1,72057731476881409,,-9.49675083,-52.379509,-0,-0,-0,0.000624999986,0.00999999978,0,0,0
2,72057731476881409,,165.620895,-78.1075974,0,0,0,0.000624999986,0.00999999978,0,0,0
3,72057731476881409,,9.52967262,-68.4890518,0,0,0,0.000624999986,0.00999999978,0,0,0
4,72057868915834881,,-143.099274,-169.980072,-0,-0,-0,0.000624999986,0.00999999978,0,0,0
5,72057868915834881,,-18.6725788,-104.958733,-0,-0,-0,0.000624999986,0.00999999978,0,0,0
6,72057868915834881,,19.716259,-136.447327,0,0,0,0.000624999986,0.00999999978,0,0,0
7,72058006354788353,,-27.4777088,-157.4151,-0,-0,-0,0.000624999986,0.00999999978,0,0,0
