measurement_id,geometry_id,local_key,local0,local1,phi,theta,time,var_local0,var_local1,var_phi,var_theta,var_time
0,72057731476881409,,-4.79165697,-7.388381,-0,-0,-0,0.000624999986,0.00999999978,0,0,0
1,72057868915834881,,-9.47719669,-14.6243477,-0,-0,-0,0.000624999986,0.00999999978,0,0,0
2,72058006354788353,,-14.2626915,-21.8760357,-0,-0,-0,0.000624999986,0.00999999978,0,0,0
3,72058143793741825,,-18.8837318,-29.2291737,-0,-0,-0,0.000624999986,0.00999999978,0,0,0
4,72058281232695297,,-23.4818687,-36.6792183,-0,-0,-0,0.000624999986,0.00999999978,0,0,0
5,72058418671648769,,-28.0496902,-44.0439262,-0,-0,-0,0.000624999986,0.00999999978,0,0,0
6,72058556110602241,,-32.660614,-51.4476662,-0,-0,-0,0.000624999986,0.00999999978,0,0,0
7,72058693549555713,,-37.1016121,-58.9515572,-0,-0,-0,0.000624999986,0.00999999978,0,0,0
8,72058830988509185,,-41.4652138,-66.6358795,-0,-0,-0,0.000624999986,0.00999999978,0,0,0
