measurement_id,geometry_id,local_key,local0,local1,phi,theta,time,var_local0,var_local1,var_phi,var_theta,var_time
0,72057731476881409,,-3.61455584,40.5572281,0,0,0,0.000624999986,0.00999999978,0,0,0
1,72057868915834881,,-7.34177685,81.4120178,0,0,0,0.000624999986,0.00999999978,0,0,0
2,72058006354788353,,-11.3428392,122.383049,0,0,0,0.000624999986,0.00999999978,0,0,0
3,72058143793741825,,-15.3415461,163.296127,0,0,0,0.000624999986,0.00999999978,0,0,0
