measurement_id,geometry_id,local_key,local0,local1,phi,theta,time,var_local0,var_local1,var_phi,var_theta,var_time
0,72057731476881409,,41.8990593,20.7524204,0,0,0,0.000624999986,0.00999999978,0,0,0
1,72057731476881409,,35.7208824,12.6277418,0,0,0,0.000624999986,0.00999999978,0,0,0
2,72057868915834881,,83.7182617,41.9587135,0,0,0,0.000624999986,0.00999999978,0,0,0
3,72057868915834881,,71.3411255,25.3126774,0,0,0,0.000624999986,0.00999999978,0,0,0
4,72058006354788353,,125.364395,63.1589127,0,0,0,0.000624999986,0.00999999978,0,0,0
5,72058006354788353,,106.937378,38.3772812,0,0,0,0.000624999986,0.00999999978,0,0,0
6,72058143793741825,,166.859726,84.5586853,0,0,0,0.000624999986,0.00999999978,0,0,0
7,72058143793741825,,142.523956,51.3456459,0,0,0,0.000624999986,0.00999999978,0,0,0
8,72058281232695297,,178.019302,64.6982269,0,0,0,0.000624999986,0.00999999978,0,0,0
