measurement_id,geometry_id,local_key,local0,local1,phi,theta,time,var_local0,var_local1,var_phi,var_theta,var_time
0,72057731476881409,,48.369873,-73.0941162,0,0,0,0.000624999986,0.00999999978,0,0,0
1,72057731476881409,,45.0634232,-13.1772356,0,0,0,0.000624999986,0.00999999978,0,0,0
2,72057868915834881,,98.2835693,-145.241669,0,0,0,0.000624999986,0.00999999978,0,0,0
3,72057868915834881,,90.2384109,-26.2095222,0,0,0,0.000624999986,0.00999999978,0,0,0
4,72058006354788353,,135.538879,-38.9595413,0,0,0,0.000624999986,0.00999999978,0,0,0
5,72058143793741825,,180.813904,-51.1044769,0,0,0,0.000624999986,0.00999999978,0,0,0
