measurement_id,geometry_id,local_key,local0,local1,phi,theta,time,var_local0,var_local1,var_phi,var_theta,var_time
0,72057731476881409,,23.8936157,-65.0443115,0,0,0,0.000624999986,0.00999999978,0,0,0
1,72057868915834881,,48.0512161,-129.855423,0,0,0,0.000624999986,0.00999999978,0,0,0
2,72058006354788353,,72.5372086,-194.733749,0,0,0,0.000624999986,0.00999999978,0,0,0
