measurement_id,geometry_id,local_key,local0,local1,phi,theta,time,var_local0,var_local1,var_phi,var_theta,var_time
0,72057731476881409,,10.5239525,-4.18940687,0,0,0,0.000624999986,0.00999999978,0,0,0
1,72057868915834881,,21.0478058,-8.04197788,0,0,0,0.000624999986,0.00999999978,0,0,0
2,72058006354788353,,31.5853901,-11.9416761,0,0,0,0.000624999986,0.00999999978,0,0,0
3,72058143793741825,,42.1420364,-16.0060539,0,0,0,0.000624999986,0.00999999978,0,0,0
4,72058281232695297,,52.6891479,-19.7571564,0,0,0,0.000624999986,0.00999999978,0,0,0
5,72058418671648769,,63.2179985,-23.7060127,0,0,0,0.000624999986,0.00999999978,0,0,0
6,72058556110602241,,73.8078842,-27.4373646,0,0,0,0.000624999986,0.00999999978,0,0,0
7,72058693549555713,,84.3824997,-31.4379025,0,0,0,0.000624999986,0.00999999978,0,0,0
8,72058830988509185,,95.0077438,-35.2702904,0,0,0,0.000624999986,0.00999999978,0,0,0
