measurement_id,geometry_id,local_key,local0,local1,phi,theta,time,var_local0,var_local1,var_phi,var_theta,var_time
0,72057731476881409,,-33.3821144,6.10389614,0,0,0,0.000624999986,0.00999999978,0,0,0
1,72057868915834881,,-66.8601227,12.035675,0,0,0,0.000624999986,0.00999999978,0,0,0
2,72058006354788353,,-100.285934,17.9241486,0,0,0,0.000624999986,0.00999999978,0,0,0
3,72058143793741825,,-133.795349,23.7692661,0,0,0,0.000624999986,0.00999999978,0,0,0
4,72058281232695297,,-167.266403,29.3906479,0,0,0,0.000624999986,0.00999999978,0,0,0
