measurement_id,geometry_id,local_key,local0,local1,phi,theta,time,var_local0,var_local1,var_phi,var_theta,var_time
0,72057731476881409,,34.8945389,-14.6891022,0,0,0,0.000624999986,0.00999999978,0,0,0
1,72057868915834881,,69.8395462,-29.6065216,0,0,0,0.000624999986,0.00999999978,0,0,0
2,72058006354788353,,104.825928,-44.055954,0,0,0,0.000624999986,0.00999999978,0,0,0
3,72058143793741825,,140.011566,-58.5429878,0,0,0,0.000624999986,0.00999999978,0,0,0
4,72058281232695297,,175.161118,-72.6379776,0,0,0,0.000624999986,0.00999999978,0,0,0
