measurement_id,geometry_id,local_key,local0,local1,phi,theta,time,var_local0,var_local1,var_phi,var_theta,var_time
0,72057731476881409,,70.5272522,-79.6081085,0,0,0,0.000624999986,0.00999999978,0,0,0
1,72057731476881409,,-29.012598,-72.7031403,-0,-0,-0,0.000624999986,0.00999999978,0,0,0
2,72057868915834881,,141.801666,-158.518112,0,0,0,0.000624999986,0.00999999978,0,0,0
3,72057868915834881,,-57.6439857,-145.428513,-0,-0,-0,0.000624999986,0.00999999978,0,0,0
