measurement_id,geometry_id,local_key,local0,local1,phi,theta,time,var_local0,var_local1,var_phi,var_theta,var_time
0,72057731476881409,,-96.4312439,67.2227631,0,0,0,0.000624999986,0.00999999978,0,0,0
1,72057731476881409,,15.0254517,-49.1453094,0,0,0,0.000624999986,0.00999999978,0,0,0
2,72057731476881409,,83.1586609,27.8986053,0,0,0,0.000624999986,0.00999999978,0,0,0
3,72057868915834881,,-194.361191,132.48175,0,0,0,0.000624999986,0.00999999978,0,0,0
4,72057868915834881,,30.2085609,-98.1415482,0,0,0,0.000624999986,0.00999999978,0,0,0
5,72057868915834881,,166.178741,56.3408165,0,0,0,0.000624999986,0.00999999978,0,0,0
6,72058006354788353,,45.6858406,-147.187119,0,0,0,0.000624999986,0.00999999978,0,0,0
7,72058143793741825,,61.4013557,-196.229401,0,0,0,0.000624999986,0.00999999978,0,0,0
