measurement_id,geometry_id,local_key,local0,local1,phi,theta,time,var_local0,var_local1,var_phi,var_theta,var_time
0,72057731476881409,,32.4210739,10.5048313,0,0,0,0.000624999986,0.00999999978,0,0,0
1,72057731476881409,,85.7042999,56.9853172,0,0,0,0.000624999986,0.00999999978,0,0,0
2,72057868915834881,,64.795845,21.3249397,0,0,0,0.000624999986,0.00999999978,0,0,0
3,72057868915834881,,170.862869,115.103432,0,0,0,0.000624999986,0.00999999978,0,0,0
4,72058006354788353,,97.1472778,31.9873257,0,0,0,0.000624999986,0.00999999978,0,0,0
5,72058143793741825,,129.44046,42.8120689,0,0,0,0.000624999986,0.00999999978,0,0,0
6,72058281232695297,,161.698456,53.9409065,0,0,0,0.000624999986,0.00999999978,0,0,0
7,72058418671648769,,193.91951,65.1266098,0,0,0,0.000624999986,0.00999999978,0,0,0
