measurement_id,geometry_id,local_key,local0,local1,phi,theta,time,var_local0,var_local1,var_phi,var_theta,var_time
0,72057731476881409,,-19.683773,-47.3260307,-0,-0,-0,0.000624999986,0.00999999978,0,0,0
1,72057731476881409,,-79.5091934,-31.960125,-0,-0,-0,0.000624999986,0.00999999978,0,0,0
2,72057731476881409,,-126.603661,-86.1569061,-0,-0,-0,0.000624999986,0.00999999978,0,0,0
3,72057868915834881,,-39.1792603,-94.7697983,-0,-0,-0,0.000624999986,0.00999999978,0,0,0
4,72057868915834881,,-158.515442,-65.0323715,-0,-0,-0,0.000624999986,0.00999999978,0,0,0
5,72058006354788353,,-58.4473953,-142.614426,-0,-0,-0,0.000624999986,0.00999999978,0,0,0
6,72058143793741825,,-77.4191208,-190.156448,-0,-0,-0,0.000624999986,0.00999999978,0,0,0
