measurement_id,geometry_id,local_key,local0,local1,phi,theta,time,var_local0,var_local1,var_phi,var_theta,var_time
0,72057731476881409,,-33.9612999,-24.7935219,-0,-0,-0,0.000624999986,0.00999999978,0,0,0
1,72057731476881409,,39.4489861,55.1736183,0,0,0,0.000624999986,0.00999999978,0,0,0
2,72057868915834881,,-67.7769394,-49.5805092,-0,-0,-0,0.000624999986,0.00999999978,0,0,0
3,72057868915834881,,78.6114273,110.239746,0,0,0,0.000624999986,0.00999999978,0,0,0
4,72058006354788353,,-101.456528,-74.6561279,-0,-0,-0,0.000624999986,0.00999999978,0,0,0
5,72058006354788353,,117.516899,165.450729,0,0,0,0.000624999986,0.00999999978,0,0,0
6,72058143793741825,,-135.053955,-99.8977356,-0,-0,-0,0.000624999986,0.00999999978,0,0,0
7,72058281232695297,,-168.574921,-125.313118,-0,-0,-0,0.000624999986,0.00999999978,0,0,0
