measurement_id,geometry_id,local_key,local0,local1,phi,theta,time,var_local0,var_local1,var_phi,var_theta,var_time
0,72057731476881409,,66.143486,4.75147533,0,0,0,0.000624999986,0.00999999978,0,0,0
1,72057731476881409,,153.214523,0.246896788,0,0,0,0.000624999986,0.00999999978,0,0,0
2,72057868915834881,,132.194504,10.1178408,0,0,0,0.000624999986,0.00999999978,0,0,0
3,72058006354788353,,198.11705,16.3883991,0,0,0,0.000624999986,0.00999999978,0,0,0
