measurement_id,geometry_id,local_key,local0,local1,phi,theta,time,var_local0,var_local1,var_phi,var_theta,var_time
0,72057731476881409,,-23.8401699,6.03874874,0,0,0,0.000624999986,0.00999999978,0,0,0
1,72057868915834881,,-47.6902122,11.893816,0,0,0,0.000624999986,0.00999999978,0,0,0
2,72058006354788353,,-71.5971909,17.6946278,0,0,0,0.000624999986,0.00999999978,0,0,0
3,72058143793741825,,-95.4333801,23.6034069,0,0,0,0.000624999986,0.00999999978,0,0,0
4,72058281232695297,,-119.364502,29.2973595,0,0,0,0.000624999986,0.00999999978,0,0,0
5,72058418671648769,,-143.312881,34.9990044,0,0,0,0.000624999986,0.00999999978,0,0,0
6,72058556110602241,,-167.238007,40.5531883,0,0,0,0.000624999986,0.00999999978,0,0,0
7,72058693549555713,,-191.158005,46.1015701,0,0,0,0.000624999986,0.00999999978,0,0,0
