measurement_id,geometry_id,local_key,local0,local1,phi,theta,time,var_local0,var_local1,var_phi,var_theta,var_time
0,72057731476881409,,-21.4133186,-43.0561371,-0,-0,-0,0.000624999986,0.00999999978,0,0,0
1,72057868915834881,,-42.6910172,-86.1122284,-0,-0,-0,0.000624999986,0.00999999978,0,0,0
2,72058006354788353,,-63.7438316,-129.59166,-0,-0,-0,0.000624999986,0.00999999978,0,0,0
3,72058143793741825,,-84.5875778,-173.023117,-0,-0,-0,0.000624999986,0.00999999978,0,0,0
