measurement_id,geometry_id,local_key,local0,local1,phi,theta,time,var_local0,var_local1,var_phi,var_theta,var_time
0,72057731476881409,,20.2879829,1.08907402,0,0,0,0.000624999986,0.00999999978,0,0,0
1,72057868915834881,,40.6581306,2.73715544,0,0,0,0.000624999986,0.00999999978,0,0,0
2,72058006354788353,,60.8905983,4.00839901,0,0,0,0.000624999986,0.00999999978,0,0,0
3,72058143793741825,,81.140625,5.39052534,0,0,0,0.000624999986,0.00999999978,0,0,0
4,72058281232695297,,101.477119,6.71689939,0,0,0,0.000624999986,0.00999999978,0,0,0
5,72058418671648769,,121.795998,8.37055779,0,0,0,0.000624999986,0.00999999978,0,0,0
6,72058556110602241,,142.030334,9.98963642,0,0,0,0.000624999986,0.00999999978,0,0,0
7,72058693549555713,,162.307098,11.5089817,0,0,0,0.000624999986,0.00999999978,0,0,0
8,72058830988509185,,182.609863,13.438509,0,0,0,0.000624999986,0.00999999978,0,0,0
