measurement_id,geometry_id,local_key,local0,local1,phi,theta,time,var_local0,var_local1,var_phi,var_theta,var_time
0,72057731476881409,,45.2489967,-48.7054749,0,0,0,0.000624999986,0.00999999978,0,0,0
1,72057731476881409,,38.9173241,-58.0284729,0,0,0,0.000624999986,0.00999999978,0,0,0
2,72057868915834881,,90.7594986,-97.3943939,0,0,0,0.000624999986,0.00999999978,0,0,0
3,72057868915834881,,78.2366791,-116.097725,0,0,0,0.000624999986,0.00999999978,0,0,0
4,72058006354788353,,136.575592,-145.967026,0,0,0,0.000624999986,0.00999999978,0,0,0
5,72058006354788353,,118.109451,-173.577499,0,0,0,0.000624999986,0.00999999978,0,0,0
6,72058143793741825,,182.635864,-193.874252,0,0,0,0.000624999986,0.00999999978,0,0,0
