measurement_id,geometry_id,local_key,local0,local1,phi,theta,time,var_local0,var_local1,var_phi,var_theta,var_time
0,72057731476881409,,55.3751831,-25.4198627,0,0,0,0.000624999986,0.00999999978,0,0,0
1,72057731476881409,,7.13095903,35.097477,0,0,0,0.000624999986,0.00999999978,0,0,0
2,72057868915834881,,111.228752,-49.9854088,0,0,0,0.000624999986,0.00999999978,0,0,0
3,72057868915834881,,13.763916,69.9420166,0,0,0,0.000624999986,0.00999999978,0,0,0
4,72058006354788353,,167.545151,-73.3458557,0,0,0,0.000624999986,0.00999999978,0,0,0
5,72058006354788353,,19.8613319,104.924736,0,0,0,0.000624999986,0.00999999978,0,0,0
6,72058143793741825,,25.5068417,139.960236,0,0,0,0.000624999986,0.00999999978,0,0,0
7,72058281232695297,,30.6574612,175.303085,0,0,0,0.000624999986,0.00999999978,0,0,0
