measurement_id,geometry_id,local_key,local0,local1,phi,theta,time,var_local0,var_local1,var_phi,var_theta,var_time
0,72057731476881409,,-14.0789576,-31.2183113,-0,-0,-0,0.000624999986,0.00999999978,0,0,0
1,72057868915834881,,-27.9827614,-62.165432,-0,-0,-0,0.000624999986,0.00999999978,0,0,0
2,72058006354788353,,-41.5678825,-93.5600204,-0,-0,-0,0.000624999986,0.00999999978,0,0,0
3,72058143793741825,,-54.9479828,-124.798035,-0,-0,-0,0.000624999986,0.00999999978,0,0,0
4,72058281232695297,,-68.086586,-156.363174,-0,-0,-0,0.000624999986,0.00999999978,0,0,0
5,72058418671648769,,-81.0876923,-187.941406,-0,-0,-0,0.000624999986,0.00999999978,0,0,0
