measurement_id,geometry_id,local_key,local0,local1,phi,theta,time,var_local0,var_local1,var_phi,var_theta,var_time
0,72057731476881409,,95.5340271,-84.2446671,0,0,0,0.000624999986,0.00999999978,0,0,0
1,72057731476881409,,132.1073,66.3843231,0,0,0,0.000624999986,0.00999999978,0,0,0
2,72057868915834881,,192.217636,-166.699158,0,0,0,0.000624999986,0.00999999978,0,0,0
