measurement_id,geometry_id,local_key,local0,local1,phi,theta,time,var_local0,var_local1,var_phi,var_theta,var_time
0,72057731476881409,,12.5035095,-64.0326309,0,0,0,0.000624999986,0.00999999978,0,0,0
1,72057731476881409,,44.4212456,42.3913612,0,0,0,0.000624999986,0.00999999978,0,0,0
2,72057731476881409,,-189.570633,110.31282,0,0,0,0.000624999986,0.00999999978,0,0,0
3,72057868915834881,,25.372633,-127.664627,0,0,0,0.000624999986,0.00999999978,0,0,0
4,72057868915834881,,88.3360367,85.2279892,0,0,0,0.000624999986,0.00999999978,0,0,0
5,72058006354788353,,38.5193291,-191.779282,0,0,0,0.000624999986,0.00999999978,0,0,0
6,72058006354788353,,131.84996,128.492767,0,0,0,0.000624999986,0.00999999978,0,0,0
7,72058143793741825,,174.90184,172.179993,0,0,0,0.000624999986,0.00999999978,0,0,0
