measurement_id,geometry_id,local_key,local0,local1,phi,theta,time,var_local0,var_local1,var_phi,var_theta,var_time
0,72057731476881409,,-14.7831736,-60.695118,-0,-0,-0,0.000624999986,0.00999999978,0,0,0
1,72057731476881409,,-18.7703857,55.397068,0,0,0,0.000624999986,0.00999999978,0,0,0
2,72057868915834881,,-29.2247829,-121.205246,-0,-0,-0,0.000624999986,0.00999999978,0,0,0
3,72057868915834881,,-38.2675934,110.187637,0,0,0,0.000624999986,0.00999999978,0,0,0
4,72058006354788353,,-43.4665718,-182.165619,-0,-0,-0,0.000624999986,0.00999999978,0,0,0
5,72058006354788353,,-58.4554291,165.161774,0,0,0,0.000624999986,0.00999999978,0,0,0
