measurement_id,geometry_id,local_key,local0,local1,phi,theta,time,var_local0,var_local1,var_phi,var_theta,var_time
0,72057731476881409,,-16.2086754,-44.0825882,-0,-0,-0,0.000624999986,0.00999999978,0,0,0
1,72057731476881409,,119.09243,-173.569153,0,0,0,0.000624999986,0.00999999978,0,0,0
2,72057868915834881,,-31.7457848,-88.7224045,-0,-0,-0,0.000624999986,0.00999999978,0,0,0
3,72058006354788353,,-46.5492325,-133.478745,-0,-0,-0,0.000624999986,0.00999999978,0,0,0
4,72058143793741825,,-60.7273216,-178.317169,-0,-0,-0,0.000624999986,0.00999999978,0,0,0
