measurement_id,geometry_id,local_key,local0,local1,phi,theta,time,var_local0,var_local1,var_phi,var_theta,var_time
0,72057731476881409,,24.0389404,-62.2334633,0,0,0,0.000624999986,0.00999999978,0,0,0
1,72057731476881409,,-138.222061,-31.9546661,-0,-0,-0,0.000624999986,0.00999999978,0,0,0
2,72057731476881409,,-108.624641,20.7388954,0,0,0,0.000624999986,0.00999999978,0,0,0
3,72057868915834881,,48.7935371,-124.176147,0,0,0,0.000624999986,0.00999999978,0,0,0
4,72058006354788353,,74.2771759,-185.644562,0,0,0,0.000624999986,0.00999999978,0,0,0
