measurement_id,geometry_id,local_key,local0,local1,phi,theta,time,var_local0,var_local1,var_phi,var_theta,var_time
0,72057731476881409,,44.6280136,31.5854549,0,0,0,0.000624999986,0.00999999978,0,0,0
1,72057868915834881,,89.1421509,63.4934921,0,0,0,0.000624999986,0.00999999978,0,0,0
2,72058006354788353,,133.492508,95.4039688,0,0,0,0.000624999986,0.00999999978,0,0,0
3,72058143793741825,,177.716202,127.67775,0,0,0,0.000624999986,0.00999999978,0,0,0
