measurement_id,geometry_id,local_key,local0,local1,phi,theta,time,var_local0,var_local1,var_phi,var_theta,var_time
0,72057731476881409,,118.827553,147.614563,0,0,0,0.000624999986,0.00999999978,0,0,0
1,72057731476881409,,56.8744392,-6.19242287,0,0,0,0.000624999986,0.00999999978,0,0,0
2,72057868915834881,,113.789406,-11.3200645,0,0,0,0.000624999986,0.00999999978,0,0,0
3,72058006354788353,,170.784332,-15.1821451,0,0,0,0.000624999986,0.00999999978,0,0,0
