measurement_id,geometry_id,local_key,local0,local1,phi,theta,time,var_local0,var_local1,var_phi,var_theta,var_time
0,72057731476881409,,-43.2431374,-24.5393047,-0,-0,-0,0.000624999986,0.00999999978,0,0,0
1,72057731476881409,,-0.723632097,74.9561768,0,0,0,0.000624999986,0.00999999978,0,0,0
2,72057868915834881,,-86.297348,-49.2637482,-0,-0,-0,0.000624999986,0.00999999978,0,0,0
3,72057868915834881,,-2.61773038,150.121262,0,0,0,0.000624999986,0.00999999978,0,0,0
4,72058006354788353,,-129.204391,-74.5472717,-0,-0,-0,0.000624999986,0.00999999978,0,0,0
5,72058143793741825,,-171.963242,-99.7131958,-0,-0,-0,0.000624999986,0.00999999978,0,0,0
