measurement_id,geometry_id,local_key,local0,local1,phi,theta,time,var_local0,var_local1,var_phi,var_theta,var_time
0,72057731476881409,,23.9579391,-54.3615303,0,0,0,0.000624999986,0.00999999978,0,0,0
1,72057731476881409,,-13.6616201,-53.0853424,-0,-0,-0,0.000624999986,0.00999999978,0,0,0
2,72057731476881409,,-32.4963417,155.490524,0,0,0,0.000624999986,0.00999999978,0,0,0
3,72057868915834881,,48.3951721,-108.776581,0,0,0,0.000624999986,0.00999999978,0,0,0
4,72057868915834881,,-25.5149078,-106.542839,-0,-0,-0,0.000624999986,0.00999999978,0,0,0
5,72058006354788353,,73.3249054,-162.773911,0,0,0,0.000624999986,0.00999999978,0,0,0
6,72058006354788353,,-35.3871384,-160.473175,-0,-0,-0,0.000624999986,0.00999999978,0,0,0
