measurement_id,geometry_id,local_key,local0,local1,phi,theta,time,var_local0,var_local1,var_phi,var_theta,var_time
0,72057731476881409,,127.451477,-54.8100471,0,0,0,0.000624999986,0.00999999978,0,0,0
1,72057731476881409,,-16.9228764,-128.278168,-0,-0,-0,0.000624999986,0.00999999978,0,0,0
2,72057731476881409,,29.4238873,-16.8829441,0,0,0,0.000624999986,0.00999999978,0,0,0
3,72057868915834881,,59.0138092,-33.6672783,0,0,0,0.000624999986,0.00999999978,0,0,0
4,72058006354788353,,88.6303329,-50.5255051,0,0,0,0.000624999986,0.00999999978,0,0,0
5,72058143793741825,,118.293259,-66.8284302,0,0,0,0.000624999986,0.00999999978,0,0,0
6,72058281232695297,,148.168091,-83.1941299,0,0,0,0.000624999986,0.00999999978,0,0,0
7,72058418671648769,,178.026779,-99.3101501,0,0,0,0.000624999986,0.00999999978,0,0,0
