measurement_id,geometry_id,local_key,local0,local1,phi,theta,time,var_local0,var_local1,var_phi,var_theta,var_time
0,72057731476881409,,-55.9958191,-40.7422066,-0,-0,-0,0.000624999986,0.00999999978,0,0,0
1,72057731476881409,,-76.9070663,14.3837223,0,0,0,0.000624999986,0.00999999978,0,0,0
2,72057731476881409,,-65.1915436,21.2184505,0,0,0,0.000624999986,0.00999999978,0,0,0
3,72057868915834881,,-111.525871,-82.1400452,-0,-0,-0,0.000624999986,0.00999999978,0,0,0
4,72057868915834881,,-153.894257,27.5984802,0,0,0,0.000624999986,0.00999999978,0,0,0
5,72057868915834881,,-130.432388,42.0136032,0,0,0,0.000624999986,0.00999999978,0,0,0
6,72058006354788353,,-166.73378,-123.877968,-0,-0,-0,0.000624999986,0.00999999978,0,0,0
7,72058006354788353,,-195.87236,62.2884941,0,0,0,0.000624999986,0.00999999978,0,0,0
