measurement_id,geometry_id,local_key,local0,local1,phi,theta,time,var_local0,var_local1,var_phi,var_theta,var_time
0,72057731476881409,,4.15444088,-17.114727,0,0,0,0.000624999986,0.00999999978,0,0,0
1,72057868915834881,,8.42433071,-34.5714226,0,0,0,0.000624999986,0.00999999978,0,0,0
2,72058006354788353,,12.8605576,-51.6757355,0,0,0,0.000624999986,0.00999999978,0,0,0
3,72058143793741825,,17.424715,-68.9557877,0,0,0,0.000624999986,0.00999999978,0,0,0
4,72058281232695297,,22.1567535,-86.0595093,0,0,0,0.000624999986,0.00999999978,0,0,0
5,72058418671648769,,26.9560528,-103.429947,0,0,0,0.000624999986,0.00999999978,0,0,0
6,72058556110602241,,31.9571056,-120.545578,0,0,0,0.000624999986,0.00999999978,0,0,0
7,72058693549555713,,37.0334778,-137.372162,0,0,0,0.000624999986,0.00999999978,0,0,0
8,72058830988509185,,42.3193779,-154.46579,0,0,0,0.000624999986,0.00999999978,0,0,0
