measurement_id,geometry_id,local_key,local0,local1,phi,theta,time,var_local0,var_local1,var_phi,var_theta,var_time
0,72057731476881409,,15.0921392,-29.8314438,0,0,0,0.000624999986,0.00999999978,0,0,0
1,72057868915834881,,30.2867546,-59.7977524,0,0,0,0.000624999986,0.00999999978,0,0,0
2,72058006354788353,,45.5577278,-89.3448105,0,0,0,0.000624999986,0.00999999978,0,0,0
3,72058143793741825,,61.0195427,-119.121155,0,0,0,0.000624999986,0.00999999978,0,0,0
4,72058281232695297,,76.6110916,-148.750931,0,0,0,0.000624999986,0.00999999978,0,0,0
5,72058418671648769,,92.2899323,-178.169281,0,0,0,0.000624999986,0.00999999978,0,0,0
