measurement_id,geometry_id,local_key,local0,local1,phi,theta,time,var_local0,var_local1,var_phi,var_theta,var_time
0,72057731476881409,,-93.1351242,-13.1710434,-0,-0,-0,0.000624999986,0.00999999978,0,0,0
1,72057731476881409,,4.93210506,-27.2148743,0,0,0,0.000624999986,0.00999999978,0,0,0
2,72057868915834881,,-186.167007,-27.1761036,-0,-0,-0,0.000624999986,0.00999999978,0,0,0
3,72057868915834881,,9.91910267,-54.4770012,0,0,0,0.000624999986,0.00999999978,0,0,0
4,72058006354788353,,14.9019098,-81.5384293,0,0,0,0.000624999986,0.00999999978,0,0,0
5,72058143793741825,,20.0388756,-108.91169,0,0,0,0.000624999986,0.00999999978,0,0,0
6,72058281232695297,,25.2464714,-136.012695,0,0,0,0.000624999986,0.00999999978,0,0,0
7,72058418671648769,,30.5384674,-163.254059,0,0,0,0.000624999986,0.00999999978,0,0,0
8,72058556110602241,,35.8871384,-190.388611,0,0,0,0.000624999986,0.00999999978,0,0,0
