measurement_id,geometry_id,local_key,local0,local1,phi,theta,time,var_local0,var_local1,var_phi,var_theta,var_time
0,72057731476881409,,27.2842312,-57.7571793,0,0,0,0.000624999986,0.00999999978,0,0,0
1,72057731476881409,,-67.7656631,-7.10995436,-0,-0,-0,0.000624999986,0.00999999978,0,0,0
2,72057868915834881,,55.2553139,-115.25766,0,0,0,0.000624999986,0.00999999978,0,0,0
3,72057868915834881,,-135.517654,-14.4382687,-0,-0,-0,0.000624999986,0.00999999978,0,0,0
4,72058006354788353,,83.8294678,-172.483063,0,0,0,0.000624999986,0.00999999978,0,0,0
