measurement_id,geometry_id,local_key,local0,local1,phi,theta,time,var_local0,var_local1,var_phi,var_theta,var_time
0,72057731476881409,,-18.6710987,-12.5825558,-0,-0,-0,0.000624999986,0.00999999978,0,0,0
1,72057868915834881,,-37.326313,-25.2237797,-0,-0,-0,0.000624999986,0.00999999978,0,0,0
2,72058006354788353,,-55.9202385,-38.1072578,-0,-0,-0,0.000624999986,0.00999999978,0,0,0
3,72058143793741825,,-74.4696808,-50.9276581,-0,-0,-0,0.000624999986,0.00999999978,0,0,0
4,72058281232695297,,-92.9610519,-63.8644753,-0,-0,-0,0.000624999986,0.00999999978,0,0,0
5,72058418671648769,,-111.411133,-77.1556931,-0,-0,-0,0.000624999986,0.00999999978,0,0,0
6,72058556110602241,,-129.845261,-89.7299881,-0,-0,-0,0.000624999986,0.00999999978,0,0,0
7,72058693549555713,,-148.24469,-102.774002,-0,-0,-0,0.000624999986,0.00999999978,0,0,0
8,72058830988509185,,-166.584778,-115.853111,-0,-0,-0,0.000624999986,0.00999999978,0,0,0
