measurement_id,geometry_id,local_key,local0,local1,phi,theta,time,var_local0,var_local1,var_phi,var_theta,var_time
0,72057731476881409,,-22.1606998,38.649559,0,0,0,0.000624999986,0.00999999978,0,0,0
1,72057868915834881,,-44.7327309,76.8803558,0,0,0,0.000624999986,0.00999999978,0,0,0
2,72058006354788353,,-67.69384,115.24234,0,0,0,0.000624999986,0.00999999978,0,0,0
3,72058143793741825,,-91.0242462,153.022278,0,0,0,0.000624999986,0.00999999978,0,0,0
4,72058281232695297,,-114.811699,190.580597,0,0,0,0.000624999986,0.00999999978,0,0,0
