measurement_id,geometry_id,local_key,local0,local1,phi,theta,time,var_local0,var_local1,var_phi,var_theta,var_time
0,72057731476881409,,31.8228931,-58.2663002,0,0,0,0.000624999986,0.00999999978,0,0,0
1,72057731476881409,,53.5969849,11.5519266,0,0,0,0.000624999986,0.00999999978,0,0,0
2,72057868915834881,,64.2061768,-115.801842,0,0,0,0.000624999986,0.00999999978,0,0,0
3,72057868915834881,,107.000092,23.7747402,0,0,0,0.000624999986,0.00999999978,0,0,0
4,72058006354788353,,97.2398071,-173.196838,0,0,0,0.000624999986,0.00999999978,0,0,0
5,72058006354788353,,160.267792,36.9068031,0,0,0,0.000624999986,0.00999999978,0,0,0
