measurement_id,geometry_id,local_key,local0,local1,phi,theta,time,var_local0,var_local1,var_phi,var_theta,var_time
0,72057731476881409,,13.5244541,26.7494011,0,0,0,0.000624999986,0.00999999978,0,0,0
1,72057868915834881,,27.1200657,53.4692764,0,0,0,0.000624999986,0.00999999978,0,0,0
2,72058006354788353,,40.5239487,80.2058029,0,0,0,0.000624999986,0.00999999978,0,0,0
3,72058143793741825,,53.8539581,107.165115,0,0,0,0.000624999986,0.00999999978,0,0,0
4,72058281232695297,,67.1090851,134.196732,0,0,0,0.000624999986,0.00999999978,0,0,0
5,72058418671648769,,80.2527161,160.992615,0,0,0,0.000624999986,0.00999999978,0,0,0
6,72058556110602241,,93.3151016,188.028519,0,0,0,0.000624999986,0.00999999978,0,0,0
