measurement_id,geometry_id,local_key,local0,local1,phi,theta,time,var_local0,var_local1,var_phi,var_theta,var_time
0,72057731476881409,,-19.1368408,-70.2036057,-0,-0,-0,0.000624999986,0.00999999978,0,0,0
1,72057731476881409,,-60.6427193,100.311699,0,0,0,0.000624999986,0.00999999978,0,0,0
2,72057731476881409,,187.921799,167.164047,0,0,0,0.000624999986,0.00999999978,0,0,0
3,72057731476881409,,-26.2248478,-72.7543716,-0,-0,-0,0.000624999986,0.00999999978,0,0,0
4,72057868915834881,,-37.2787819,-141.146744,-0,-0,-0,0.000624999986,0.00999999978,0,0,0
5,72057868915834881,,-50.4342957,-145.568054,-0,-0,-0,0.000624999986,0.00999999978,0,0,0
