measurement_id,geometry_id,local_key,local0,local1,phi,theta,time,var_local0,var_local1,var_phi,var_theta,var_time
0,72057731476881409,,-29.1068134,9.57878685,0,0,0,0.000624999986,0.00999999978,0,0,0
1,72057731476881409,,43.6648369,-84.802948,0,0,0,0.000624999986,0.00999999978,0,0,0
2,72057868915834881,,-58.2371521,18.9533615,0,0,0,0.000624999986,0.00999999978,0,0,0
3,72057868915834881,,88.9145584,-168.855194,0,0,0,0.000624999986,0.00999999978,0,0,0
4,72058006354788353,,-87.4281845,28.049099,0,0,0,0.000624999986,0.00999999978,0,0,0
5,72058143793741825,,-116.715675,37.2664299,0,0,0,0.000624999986,0.00999999978,0,0,0
6,72058281232695297,,-145.977112,46.2980576,0,0,0,0.000624999986,0.00999999978,0,0,0
7,72058418671648769,,-175.328018,55.2320786,0,0,0,0.000624999986,0.00999999978,0,0,0
