measurement_id,geometry_id,local_key,local0,local1,phi,theta,time,var_local0,var_local1,var_phi,var_theta,var_time
0,72057731476881409,,-26.1283207,62.0941696,0,0,0,0.000624999986,0.00999999978,0,0,0
1,72057731476881409,,49.3697586,40.9943047,0,0,0,0.000624999986,0.00999999978,0,0,0
2,72057731476881409,,-50.6203308,73.2759857,0,0,0,0.000624999986,0.00999999978,0,0,0
3,72057868915834881,,-52.6535301,124.019135,0,0,0,0.000624999986,0.00999999978,0,0,0
4,72057868915834881,,98.6394501,82.1435852,0,0,0,0.000624999986,0.00999999978,0,0,0
5,72057868915834881,,-102.197372,146.018768,0,0,0,0.000624999986,0.00999999978,0,0,0
6,72058006354788353,,-79.4623795,185.952194,0,0,0,0.000624999986,0.00999999978,0,0,0
7,72058006354788353,,147.513596,123.842255,0,0,0,0.000624999986,0.00999999978,0,0,0
8,72058143793741825,,196.331345,165.786499,0,0,0,0.000624999986,0.00999999978,0,0,0
