measurement_id,geometry_id,local_key,local0,local1,phi,theta,time,var_local0,var_local1,var_phi,var_theta,var_time
0,72057731476881409,,52.6340714,-45.5896225,0,0,0,0.000624999986,0.00999999978,0,0,0
1,72057731476881409,,-71.652565,-73.6828461,-0,-0,-0,0.000624999986,0.00999999978,0,0,0
2,72057731476881409,,-58.93433,0.244883537,0,0,0,0.000624999986,0.00999999978,0,0,0
3,72057731476881409,,12.8436661,-137.750595,0,0,0,0.000624999986,0.00999999978,0,0,0
4,72057868915834881,,105.88356,-90.6693497,0,0,0,0.000624999986,0.00999999978,0,0,0
5,72057868915834881,,-142.790176,-147.882019,-0,-0,-0,0.000624999986,0.00999999978,0,0,0
6,72057868915834881,,-117.872154,-0.188043892,-0,-0,-0,0.000624999986,0.00999999978,0,0,0
7,72058006354788353,,159.555603,-134.79451,0,0,0,0.000624999986,0.00999999978,0,0,0
8,72058006354788353,,-176.767731,-0.542634785,-0,-0,-0,0.000624999986,0.00999999978,0,0,0
