measurement_id,geometry_id,local_key,local0,local1,phi,theta,time,var_local0,var_local1,var_phi,var_theta,var_time
0,72057731476881409,,73.9282837,120.305733,0,0,0,0.000624999986,0.00999999978,0,0,0
1,72057731476881409,,-68.763092,-39.1962814,-0,-0,-0,0.000624999986,0.00999999978,0,0,0
2,72057731476881409,,38.978447,5.7166152,0,0,0,0.000624999986,0.00999999978,0,0,0
3,72057868915834881,,-137.371643,-78.8962631,-0,-0,-0,0.000624999986,0.00999999978,0,0,0
4,72057868915834881,,77.9246597,11.3909035,0,0,0,0.000624999986,0.00999999978,0,0,0
5,72058006354788353,,116.832367,17.1411781,0,0,0,0.000624999986,0.00999999978,0,0,0
6,72058143793741825,,155.684662,22.9819679,0,0,0,0.000624999986,0.00999999978,0,0,0
7,72058281232695297,,194.552338,29.0623932,0,0,0,0.000624999986,0.00999999978,0,0,0
