measurement_id,geometry_id,local_key,local0,local1,phi,theta,time,var_local0,var_local1,var_phi,var_theta,var_time
0,72057731476881409,,1.98477948,95.6279373,0,0,0,0.000624999986,0.00999999978,0,0,0
1,72057731476881409,,-1.9428916,34.2584572,0,0,0,0.000624999986,0.00999999978,0,0,0
2,72057731476881409,,34.3342171,68.3445053,0,0,0,0.000624999986,0.00999999978,0,0,0
3,72057868915834881,,2.49441957,191.361069,0,0,0,0.000624999986,0.00999999978,0,0,0
4,72057868915834881,,-4.02546883,68.5642319,0,0,0,0.000624999986,0.00999999978,0,0,0
5,72057868915834881,,68.2229385,136.55748,0,0,0,0.000624999986,0.00999999978,0,0,0
6,72058006354788353,,-6.13392925,102.825165,0,0,0,0.000624999986,0.00999999978,0,0,0
7,72058143793741825,,-8.37352848,136.846115,0,0,0,0.000624999986,0.00999999978,0,0,0
8,72058281232695297,,-10.7073212,171.233566,0,0,0,0.000624999986,0.00999999978,0,0,0
