measurement_id,geometry_id,local_key,local0,local1,phi,theta,time,var_local0,var_local1,var_phi,var_theta,var_time
0,72057731476881409,,89.2873917,-145.812775,0,0,0,0.000624999986,0.00999999978,0,0,0
1,72057731476881409,,-14.2183332,-54.3722267,-0,-0,-0,0.000624999986,0.00999999978,0,0,0
2,72057731476881409,,87.5516434,-83.5641403,0,0,0,0.000624999986,0.00999999978,0,0,0
3,72057868915834881,,-28.244585,-108.901222,-0,-0,-0,0.000624999986,0.00999999978,0,0,0
4,72057868915834881,,176.265762,-165.702164,0,0,0,0.000624999986,0.00999999978,0,0,0
5,72058006354788353,,-41.9375534,-163.422577,-0,-0,-0,0.000624999986,0.00999999978,0,0,0
