measurement_id,geometry_id,local_key,local0,local1,phi,theta,time,var_local0,var_local1,var_phi,var_theta,var_time
0,72057731476881409,,170.478378,-67.4141235,0,0,0,0.000624999986,0.00999999978,0,0,0
1,72057731476881409,,-6.29555178,-47.3523674,-0,-0,-0,0.000624999986,0.00999999978,0,0,0
2,72057868915834881,,-12.288744,-94.7620163,-0,-0,-0,0.000624999986,0.00999999978,0,0,0
3,72058006354788353,,-18.0213909,-142.12381,-0,-0,-0,0.000624999986,0.00999999978,0,0,0
4,72058143793741825,,-23.3428631,-189.645737,-0,-0,-0,0.000624999986,0.00999999978,0,0,0
