measurement_id,geometry_id,local_key,local0,local1,phi,theta,time,var_local0,var_local1,var_phi,var_theta,var_time
0,72057731476881409,,-196.73793,-113.11824,-0,-0,-0,0.000624999986,0.00999999978,0,0,0
1,72057731476881409,,69.7577591,-105.068726,0,0,0,0.000624999986,0.00999999978,0,0,0
2,72057731476881409,,-69.3212204,-9.30755901,-0,-0,-0,0.000624999986,0.00999999978,0,0,0
3,72057731476881409,,-63.9048767,-126.25032,-0,-0,-0,0.000624999986,0.00999999978,0,0,0
4,72057868915834881,,-138.555862,-19.4810429,-0,-0,-0,0.000624999986,0.00999999978,0,0,0
