measurement_id,geometry_id,local_key,local0,local1,phi,theta,time,var_local0,var_local1,var_phi,var_theta,var_time
0,72057731476881409,,74.1990128,-54.4989738,0,0,0,0.000624999986,0.00999999978,0,0,0
1,72057731476881409,,-67.5766754,-41.9030876,-0,-0,-0,0.000624999986,0.00999999978,0,0,0
2,72057731476881409,,-8.93293762,-39.487793,-0,-0,-0,0.000624999986,0.00999999978,0,0,0
3,72057868915834881,,149.620026,-107.360672,0,0,0,0.000624999986,0.00999999978,0,0,0
4,72057868915834881,,-134.805252,-84.3805771,-0,-0,-0,0.000624999986,0.00999999978,0,0,0
5,72057868915834881,,-17.3044052,-78.9571152,-0,-0,-0,0.000624999986,0.00999999978,0,0,0
6,72058006354788353,,-25.1818295,-118.502502,-0,-0,-0,0.000624999986,0.00999999978,0,0,0
7,72058143793741825,,-32.535923,-158.205109,-0,-0,-0,0.000624999986,0.00999999978,0,0,0
8,72058281232695297,,-39.4033852,-198.110748,-0,-0,-0,0.000624999986,0.00999999978,0,0,0
