measurement_id,geometry_id,local_key,local0,local1,phi,theta,time,var_local0,var_local1,var_phi,var_theta,var_time
0,72057731476881409,,29.203352,-58.4926605,0,0,0,0.000624999986,0.00999999978,0,0,0
1,72057731476881409,,180.413895,159.043381,0,0,0,0.000624999986,0.00999999978,0,0,0
2,72057868915834881,,58.7164955,-116.955139,0,0,0,0.000624999986,0.00999999978,0,0,0
3,72058006354788353,,88.490097,-175.460327,0,0,0,0.000624999986,0.00999999978,0,0,0
